Object ID,SMILES
INDOLE-3-GLYCEROL-P,O=P(O)(O)OCC(O)C(O)c1c[nH]c2ccccc12
FARNESYL-PP,CC(C)=CCCC(C)=CCCC(C)=CCOP(=O)(O)OP(=O)(O)O
CPD-13357,CC(C)(O)C(O)C(=O)O
2-D-THREO-HYDROXY-3-CARBOXY-ISOCAPROATE,CC(C)C(C(=O)O)C(O)C(=O)O
CPD-7100,CC(C)C(C(=O)O)C(=O)C(=O)O
3-CARBOXY-3-HYDROXY-ISOCAPROATE,CC(C)C(O)(CC(=O)O)C(=O)O
CPD-15056,CC=C(N)C(=O)O
3OH-4P-OH-ALPHA-KETOBUTYRATE,O=C(O)C(=O)C(O)COP(=O)(O)O
2-KETO-3-METHYL-VALERATE,CCC(C)C(=O)C(=O)O
DIHYDROPTERIN-CH2OH-PP,Nc1nc2c(c(=O)[nH]1)N=C(COP(=O)(O)OP(=O)(O)O)CN2
DIAMINONONANOATE,CC(N)C(N)CCCCCC(=O)O
8-AMINO-7-OXONONANOATE,CC(N)C(=O)CCCCCC(=O)O
1-KETO-2-METHYLVALERATE,CCC(C)(O)C(O)C(=O)O
4-P-PANTOTHENATE,CC(C)(COP(=O)(O)O)C(O)C(=O)NCCC(=O)O
D-LACTATE,CC(O)C(=O)O
L-PANTOATE,CC(C)(CO)C(O)C(=O)O
PANTOTHENATE,CC(C)(CO)C(O)C(=O)NCCC(=O)O
S-LACTOYL-GLUTATHIONE,CC(O)C(=O)SCC(NC(=O)CCC(N)C(=O)O)C(=O)NCC(=O)O
Linalools,C=CC(C)(O)CCC=C(C)C
RS-Malate,O=C(O)CC(O)C(=O)O
CPD-11803,O=C(O)C(CS(=O)(=O)O)OP(=O)(O)O
L-DELTA1-PYRROLINE_5-CARBOXYLATE,O=C(O)C1CCC=N1
2-ACETO-2-HYDROXY-BUTYRATE,CCC(O)(C(C)=O)C(=O)O
2-ACETO-LACTATE,CC(=O)C(C)(O)C(=O)O
DI-H-OROTATE,O=C1CC(C(=O)O)NC(=O)N1
CARBOXYPHENYLAMINO-DEOXYRIBULOSE-P,O=C(O)c1ccccc1NCC(=O)C(O)C(O)COP(=O)(O)O
DIHYDROXY-BUTANONE-P,CC(=O)C(O)COP(=O)(O)O
3-Hydroxy-11-cis-retinal,CC(C=CC=C(C)C=CC1=C(C)CC(O)CC1(C)C)=CC=O
23-Diaminopropanoate,NCC(N)C(=O)O
2-3-dihydroxypropane-1-sulfonate,O=S(=O)(O)CC(O)CO
23-DIPHOSPHOGLYCERATE,O=C(O)C(COP(=O)(O)O)OP(=O)(O)O
DIAMINO-OH-PHOSPHORIBOSYLAMINO-PYR,Nc1nc(NC2OC(COP(=O)(O)O)C(O)C2O)c(N)c(=O)[nH]1
CPD-20332,NC(CCCC(N)C(=O)O)C(=O)O
CPD-13576,Cc1nc(C(=O)O)sc1CCOP(=O)(O)O
5-PHOSPHORIBOSYL-N-FORMYLGLYCINEAMIDINE,N=C(CNC=O)NC1OC(COP(=O)(O)O)C(O)C1O
2-AMINOACRYLATE,C=C(N)C(=O)O
2-DEHYDROPANTOATE,CC(C)(CO)C(=O)C(=O)O
2-DEOXYRIBOSE,O=CCC(O)C(O)CO
DEOXY-RIBOSE-5P,O=P(O)(O)OCC1OC(O)CC1O
2-HYDROXYGLUTARIC_ACID,O=C(O)CCC(O)C(=O)O
CPD-16013,CCC(=N)C(=O)O
CPD-16015,CC(=N)C(=O)O
CPD-9451,CC(C)C(=CC(=O)O)C(=O)O
CPD-7076,CCC(C)C(=O)O
CPD-11797,CC(OS(=O)(=O)O)C(=O)O
PHENYL-PYRUVATE,O=C(O)C(=O)Cc1ccccc1
2-OXOBUTANOATE,CCC(=O)C(=O)O
2-KETOGLUTARATE,O=C(O)CCC(=O)C(=O)O
2-PG,O=C(O)C(CO)OP(=O)(O)O
CPD-13575,CC1=NC(C(=O)O)SC1=CCOP(=O)(O)O
P-HYDROXY-PHENYLPYRUVATE,O=C(O)C(=O)Cc1ccc(O)cc1
IMIDAZOLE-ACETOL-P,O=C(COP(=O)(O)O)Cc1c[nH]cn1
DEHYDROQUINATE,O=C1CC(O)(C(=O)O)CC(O)C1O
3-DEHYDRO-SHIKIMATE,O=C(O)C1=CC(=O)C(O)C(O)C1
3-DEOXY-D-ARABINO-HEPTULOSONATE-7-P,O=C(O)C(=O)CC(O)C(O)C(O)COP(=O)(O)O
CPD-10734,O=C(O)C1(O)CC(O)C(O)C(C(O)C(O)CO)O1
3-HYDROXY-BUTYRATE,CC(O)CC(=O)O
2-KETO-ISOVALERATE,CC(C)C(=O)C(=O)O
DELTA3-ISOPENTENYL-PP,C=C(C)CCOP(=O)(O)OP(=O)(O)O
MALONATE-S-ALD,O=CCC(=O)O
G3P,O=C(O)C(O)COP(=O)(O)O
DPG,O=C(OP(=O)(O)O)C(O)COP(=O)(O)O
3-P-HYDROXYPYRUVATE,O=C(O)C(=O)COP(=O)(O)O
3-P-SERINE,NC(COP(=O)(O)O)C(=O)O
RS-3-Sulfolactate,O=C(O)C(O)CS(=O)(=O)O
PANTETHEINE-P,CC(C)(COP(=O)(O)O)C(O)C(=O)NCCC(=O)NCCS
CPD-5662,O=C(O)CCCCCC1NC(=O)NC1CS
AMINO-HYDROXYMETHYL-METHYLPYRIMIDINE-PP,Cc1ncc(COP(=O)(O)OP(=O)(O)O)c(N)n1
AMINO-HYDROXYMETHYL-METHYL-PYR-P,Cc1ncc(COP(=O)(O)O)c(N)n1
4-AMINO-4-DEOXYCHORISMATE,C=C(OC1C=C(C(=O)O)C=CC1N)C(=O)O
P-AMINO-BENZOATE,Nc1ccc(C(=O)O)cc1
2K-4CH3-PENTANOATE,CC(C)CC(=O)C(=O)O
THZ-P,Cc1ncsc1CCOP(=O)(O)O
P-NITROPHENOL,O=[N+]([O-])c1ccc(O)cc1
4-PHOSPHONOOXY-THREONINE,NC(C(=O)O)C(O)COP(=O)(O)O
CH33ADO,CC1OC(n2cnc3c(N)ncnc32)C(O)C1O
TETRA-H-BIOPTERIN,CC(O)C(O)C1CNc2nc(N)[nH]c(=O)c2N1
5-PHOSPHORIBOSYL-5-AMINOIMIDAZOLE,Nc1cncn1C1OC(COP(=O)(O)O)C(O)C1O
AICAR,NC(=O)c1ncn(C2OC(COP(=O)(O)O)C(O)C2O)c1N
PHOSPHORIBOSYL-CARBOXY-AMINOIMIDAZOLE,Nc1c(C(=O)O)ncn1C1OC(COP(=O)(O)O)C(O)C1O
CPD-1086,Nc1c(NCC(O)C(O)C(O)COP(=O)(O)O)[nH]c(=O)[nH]c1=O
AMINO-RIBOSYLAMINO-1H-3H-PYR-DIONE,Nc1c(NCC(O)C(O)C(O)CO)[nH]c(=O)[nH]c1=O
5-AMINO-LEVULINATE,NCC(=O)CCC(=O)O
3-ENOLPYRUVYL-SHIKIMATE-5P,C=C(OC1CC(C(=O)O)=CC(OP(=O)(O)O)C1O)C(=O)O
5-HYDROXY-L-LYSINE,NCC(O)CCC(N)C(=O)O
5-OXOPROLINE,O=C1CCC(C(=O)O)N1
PRPP,O=P(O)(O)OCC1OC(OP(=O)(O)OP(=O)(O)O)C(O)C1O
5-P-BETA-D-RIBOSYL-AMINE,NC1OC(COP(=O)(O)O)C(O)C1O
DIMETHYL-D-RIBITYL-LUMAZINE,Cc1nc2c(=O)[nH]c(=O)nc-2n(CC(O)C(O)C(O)CO)c1C
AMINO-OH-HYDROXYMETHYL-DIHYDROPTERIDINE,Nc1nc2c(c(=O)[nH]1)N=C(CO)CN2
CPD-11770,Nc1nc2c(c(=O)[nH]1)N=C(C(O)C(O)CO)CN2
DIHYDRONEOPTERIN-P,Nc1nc2c(c(=O)[nH]1)N=C(C(O)C(O)COP(=O)(O)O)CN2
7-8-DIHYDROPTEROATE,Nc1nc2c(c(=O)[nH]1)N=C(CNc1ccc(C(=O)O)cc1)CN2
12-Hydroxyjasmonate-Sulfates,O=C(O)CC1CCC(=O)C1CC=CCCOS(=O)(=O)O
2-3-Butanediols,CC(O)C(C)O
7-Deazapurines,c1cc2c[nH]cnc-2n1
Bacteriochlorins,C1=Cc2cc3ccc(cc4nc(cc5[nH]c(cc1n2)CC5)CC4)[nH]3
CARBOXYL-GROUP,O=CO
Chlorins,C1=Cc2cc3ccc(cc4nc(cc5[nH]c(cc1n2)CC5)C=C4)[nH]3
Coumarins,O=c1ccc2ccccc2o1
Hexitols,OCC(O)C(O)C(O)C(O)CO
Hexosamines,NC1C(O)OC(CO)C(O)C1O
Hexose-1-Phosphate,O=P(O)(O)OC1OC(CO)C(O)C(O)C1O
Hexuronates,O=CC(O)C(O)C(O)C(O)C(=O)O
HYDROXYL-GROUP,O
Jasmonic-Acids,CCC=CCC1C(=O)CCC1CC(=O)O
CPD-17716,CCCCCC=CCC=CCCCCCCCC=O
METHYL-GROUP,C
Methyl-Jasmonates,CCC=CCC1C(=O)CCC1CC(=O)OC
PHOSPHATE-GROUP,O=P(O)(O)O
Porphyrins,C1=Cc2cc3ccc(cc4nc(cc5ccc(cc1n2)[nH]5)C=C4)[nH]3
PYROPHOSPHATE-GROUP,O=P(O)(O)OP(=O)(O)O
Retinals,CC(C=CC=C(C)C=CC1=C(C)CCCC1(C)C)=CC=O
Retinoates,CC(C=CC1=C(C)CCCC1(C)C)=CC=CC(C)=CC(=O)O
Retinols,CC(C=CC1=C(C)CCCC1(C)C)=CC=CC(C)=CCO
CPD-538,NCCOP(=O)(O)OCC(N)C(=O)O
Thiazoles,c1cscn1
THIOL-GROUP,[C-3]S
CPD-7,[SH]12[Fe]3[SH]4[Fe]1[SH]1[Fe]2[SH]3[Fe]41
ACETALD,CC=O
ACET,CC(=O)O
ADENINE,Nc1ncnc2[nH]cnc12
ADENINE-RING,Nc1ncnc2nc[nH]c12
ADENOSINE,Nc1ncnc2c1ncn2C1OC(CO)C(O)C1O
ALPHA-D-GALACTOSE,OCC1OC(O)C(O)C(O)C1O
CPD-12523,O=C(O)C1OC(O)C(O)C(O)C1O
ALPHA-GLUCOSE-16-BISPHOSPHATE,O=P(O)(O)OCC1OC(OP(=O)(O)O)C(O)C(O)C1O
RIBOSE-1P,O=P(O)(O)OC1OC(CO)C(O)C1O
CPD-12045,OCC1OC(O)C(O)C1O
Rha3S,CC1OC(O)C(O)C(OS(=O)(=O)O)C1O
AMMONIA,N
AMP,Nc1ncnc2c1ncn2C1OC(COP(=O)(O)O)C(O)C1O
11-Hydroxyjasmonates,CC(O)C=CCC1C(=O)CCC1CC(=O)O
AMINO-GROUP,[C-3][NH3+]
Anthraquinones,O=C1c2ccccc2C(=O)c2ccccc21
IMINO-GROUP,[C-2]=[NH2+]
Inositols,OC1C(O)C(O)C(O)C(O)C1O
Inositol-Phosphates,O=P(O)(O)OC1C(O)C(O)C(O)C(O)C1O
N-acetyl-a-D-hexosamine-1-phosphates,CC(=O)NC1C(OP(=O)(O)O)OC(CO)C(O)C1O
N-acetyl-D-hexosamines,CC(=O)NC1C(O)OC(CO)C(O)C1O
ANTHRANILATE,Nc1ccccc1C(=O)O
ARSENATE,O=[As](O)(O)O
B-ALANINE,NCCC(=O)O
BETA-D-FRUCTOSE,O=C(CO)C(O)C(O)C(O)CO
BETA-D-FRUCTOSE,OCC1OC(O)(CO)C(O)C1O
FRUCTOSE-16-DIPHOSPHATE,O=P(O)(O)OCC1OC(O)(COP(=O)(O)O)C(O)C1O
FRU1P,O=P(O)(O)OCC1(O)OC(CO)C(O)C1O
FRUCTOSE-6P,O=P(O)(O)OCC1OC(O)(CO)C(O)C1O
CPD-16184,CC(=O)NC1C(O)OC(CO)C(O)C1OC1OC(CO)C(O)C(O)C1O
GLC-6-P,O=P(O)(O)OCC1OC(O)C(O)C(O)C1O
BETA-D-XYLOSE,OC1COC(O)C(O)C1O
NICOTINAMIDE_NUCLEOTIDE,NC(=O)c1ccc[n+](C2OC(COP(=O)(O)O)C(O)C2O)c1
NICOTINATE_NUCLEOTIDE,O=C(O)c1ccc[n+](C2OC(COP(=O)(O)O)C(O)C2O)c1
BIOTIN,O=C(O)CCCCC1SCC2NC(=O)NC21
BUTYRIC_ACID,CCCC(=O)O
CARBAMATE,NC(=O)O
CARBAMOYL-P,NC(=O)OP(=O)(O)O
CARBON-MONOXIDE,[C-]#[O+]
CO3,O=C(O)O
CPD-18238,O=C(O)OP(=O)(O)O
CPD-13545,NC1C(OC2C(CO)OC(O)C(N)C2O)OC(CO)C(O)C1O
CHORISMATE,C=C(OC1C=C(C(=O)O)C=CC1O)C(=O)O
CIS-ACONITATE,O=C(O)C=C(CC(=O)O)C(=O)O
CIT,O=C(O)CC(O)(CC(=O)O)C(=O)O
Citronellols,CC(C)=CCCC(C)CCO
CMP,Nc1ccn(C2OC(COP(=O)(O)O)C(O)C2O)c(=O)n1
CARBON-DIOXIDE,O=C=O
CPD-69,N#CO
CYTIDINE,Nc1ccn(C2OC(CO)C(O)C2O)c(=O)n1
D-APIOSE,O=CC(O)C(O)(CO)CO
D-ARABINOSE,O=CC(O)C(O)C(O)CO
CPD-15975,OCC1OC(OC2C(CO)OC(O)C(O)C2O)C(O)C(O)C1O
D-ERYTHRO-IMIDAZOLE-GLYCEROL-P,O=P(O)(O)OCC(O)C(O)c1c[nH]cn1
ERYTHROSE-4P,O=CC(O)C(O)COP(=O)(O)O
D-Fructopyranose,OCC1(O)OCC(O)C(O)C1O
D-Fucoses,CC(O)C(O)C(O)C(O)C=O
D-Galactose,O=CC(O)C(O)C(O)C(O)CO
GLUCONATE,O=C(O)C(O)C(O)C(O)C(O)CO
CPD-2961,O=C(O)C(O)C(O)C(O)C(O)COP(=O)(O)O
GLC-D-LACTONE,O=C1OC(CO)C(O)C(O)C1O
D-GLUCOSAMINE-6-P,NC1C(O)OC(COP(=O)(O)O)C(O)C1O
GLYCERALD,O=CC(O)CO
GAP,O=CC(O)COP(=O)(O)O
Mannose-6-phosphate,O=CC(O)C(O)C(O)C(O)COP(=O)(O)O
Glutamates,NC(CCC(=O)O)C(=O)O
Serines,NC(CO)C(=O)O
D-rhamnopyranoses,CC1OC(O)C(O)C(O)C1O
CPD-15317,O=P(O)(O)OCC1OC(O)C(O)C1O
RIBOSE-5P,O=CC(O)C(O)C(O)COP(=O)(O)O
RIBULOSE-5P,O=C(CO)C(O)C(O)COP(=O)(O)O
SEDOHEPTULOSE,O=C(CO)C(O)C(O)C(O)C(O)CO
D-SEDOHEPTULOSE-7-P,O=C(CO)C(O)C(O)C(O)C(O)COP(=O)(O)O
THREO-DS-ISO-CITRATE,O=C(O)CC(C(=O)O)C(O)C(=O)O
DCDP,Nc1ccn(C2CC(O)C(COP(=O)(O)OP(=O)(O)O)O2)c(=O)n1
DCMP,Nc1ccn(C2CC(O)C(COP(=O)(O)O)O2)c(=O)n1
DETHIOBIOTIN,CC1NC(=O)NC1CCCCCC(=O)O
DIACETYL,CC(=O)C(C)=O
CPD-4211,CC(C)=CCOP(=O)(O)OP(=O)(O)O
OXYGEN-MOLECULE,O=O
ALLO-THR,CC(O)C(N)C(=O)O
TDP,Cc1cn(C2CC(O)C(COP(=O)(O)OP(=O)(O)O)O2)c(=O)[nH]c1=O
TMP,Cc1cn(C2CC(O)C(COP(=O)(O)O)O2)c(=O)[nH]c1=O
DUDP,O=c1ccn(C2CC(O)C(COP(=O)(O)OP(=O)(O)O)O2)c(=O)[nH]1
DUMP,O=c1ccn(C2CC(O)C(COP(=O)(O)O)O2)c(=O)[nH]1
ENOL-PHENYLPYRUVATE,O=C(O)C(O)=Cc1ccccc1
ETOH,CCO
FE+2,[Fe+2]
FE+3,[Fe+3]
FERULIC-ACID,COc1cc(C=CC(=O)O)ccc1O
FORMALDEHYDE,C=O
FUM,O=C(O)C=CC(=O)O
L-GLUTAMATE-5-P,NC(CCC(=O)OP(=O)(O)O)C(=O)O
GERANYL-PP,CC(C)=CCCC(C)=CCOP(=O)(O)OP(=O)(O)O
GLUTATHIONE,NC(CCC(=O)NC(CS)C(=O)NCC(=O)O)C(=O)O
GLYCEROL,OCC(O)CO
Glycerol-1-phosphate,O=P(O)(O)OCC(O)CO
DIHYDROXY-ACETONE-PHOSPHATE,O=C(CO)COP(=O)(O)O
GLY,NCC(=O)O
GLYCOLALDEHYDE,O=CCO
GLYOX,O=CC(=O)O
GMP,Nc1nc2c(ncn2C2OC(COP(=O)(O)O)C(O)C2O)c(=O)[nH]1
GUANINE,Nc1nc2[nH]cnc2c(=O)[nH]1
PROTON,[H+]
HISTIDINAL,NC(C=O)Cc1c[nH]cn1
HISTIDINOL,NC(CO)Cc1c[nH]cn1
CPD-25858,NC(CCS)C(=O)O
HYDROGEN-PEROXIDE,OO
CPD-678,[SeH2]
HS,S
HSO3,O=S(O)O
IMP,O=c1[nH]cnc2c1ncn2C1OC(COP(=O)(O)O)C(O)C1O
INDOLE,c1ccc2[nH]ccc2c1
INDOLE_LACTATE,O=C(O)C(O)Cc1c[nH]c2ccccc12
INOSINE,O=c1[nH]cnc2c1ncn2C1OC(CO)C(O)C1O
CPD0-2461,Nc1nc(=O)[nH]c2[nH]cnc12
CPD-15709,O=C(CO)C(O)C(O)C(O)COP(=O)(O)O
CPD-16569,OCC1OC(OC2C(O)OC(CO)C(O)C2O)C(O)C(O)C1O
L-ALPHA-ALANINE,CC(N)C(=O)O
ARG,N=C(N)NCCCC(N)C(=O)O
L-ARGININO-SUCCINATE,N=C(NCCCC(N)C(=O)O)NC(CC(=O)O)C(=O)O
ASN,NC(=O)CC(N)C(=O)O
L-ASPARTATE,NC(CC(=O)O)C(=O)O
L-ASPARTATE-SEMIALDEHYDE,NC(CC=O)C(=O)O
L-BETA-ASPARTYL-P,NC(CC(=O)OP(=O)(O)O)C(=O)O
L-CITRULLINE,NC(=O)NCCCC(N)C(=O)O
L-CYSTEATE,NC(CS(=O)(=O)O)C(=O)O
CYS,NC(CS)C(=O)O
CYS-GLY,NC(CS)C(=O)NCC(=O)O
CPD-11914,CC(O)C(O)C(O)CC=O
L-GLUTAMATE_GAMMA-SEMIALDEHYDE,NC(CCC=O)C(=O)O
GLN,NC(=O)CCC(N)C(=O)O
CPD-21358,OCC(O)C1OC(O)C(O)C(O)C1O
HIS,NC(Cc1c[nH]cn1)C(=O)O
L-HISTIDINOL-P,NC(COP(=O)(O)O)Cc1c[nH]cn1
HOMO-SER,NC(CCO)C(=O)O
ILE,CCC(C)C(N)C(=O)O
LEU,CC(C)CC(N)C(=O)O
LYS,NCCCCC(N)C(=O)O
MET,CSCCC(N)C(=O)O
L-Methionine-sulfoxides,CS(=O)CCC(N)C(=O)O
L-ORNITHINE,NCCCC(N)C(=O)O
PHE,NC(Cc1ccccc1)C(=O)O
PRO,O=C(O)C1CCCN1
TRP,NC(Cc1c[nH]c2ccccc12)C(=O)O
TYR,NC(Cc1ccc(O)cc1)C(=O)O
VAL,CC(C)C(N)C(=O)O
DODECANOATE,CCCCCCCCCCCC(=O)O
Limonenes,C=C(C)C1CC=C(C)CC1
Maackiain,Oc1ccc2c(c1)OCC1c3cc4c(cc3OC21)OCO4
Medicarpin,COc1ccc2c(c1)OC1c3ccc(O)cc3OCC21
METOH,CO
MG+2,[Mg+2]
N3-O-disulfo-D-glucosamine,O=S(=O)(O)NC1C(O)OC(CO)C(O)C1OS(=O)(=O)O
N6-O-disulfo-D-glucosamine,O=S(=O)(O)NC1C(O)OC(COS(=O)(=O)O)C(O)C1O
N-5-PHOSPHORIBOSYL-ANTHRANILATE,O=C(O)c1ccccc1NC1OC(COP(=O)(O)O)C(O)C1O
CPD-12274,CC(=O)NC1C(OC2C(CO)OC(O)C(N)C2O)OC(CO)C(O)C1O
ACETYL-GLU,CC(=O)NC(CCC(=O)O)C(=O)O
CPD-469,CC(=O)NC(CCC=O)C(=O)O
N-ALPHA-ACETYLORNITHINE,CC(=O)NC(CCCN)C(=O)O
N-ACETYL-GLUTAMYL-P,CC(=O)NC(CCC(=O)OP(=O)(O)O)C(=O)O
N-ACETYLNEURAMINATE,CC(=O)NC1C(O)CC(O)(C(=O)O)OC1C(O)C(O)CO
CARBAMYUL-L-ASPARTATE,NC(=O)NC(CC(=O)O)C(=O)O
N-sulfo-D-glucosamine,O=S(=O)(O)NC1C(O)OC(CO)C(O)C1O
5-PHOSPHO-RIBOSYL-GLYCINEAMIDE,NCC(=O)NC1OC(COP(=O)(O)O)C(O)C1O
5-P-RIBOSYL-N-FORMYLGLYCINEAMIDE,O=CNCC(=O)NC1OC(COP(=O)(O)O)C(O)C1O
NA+,[Na+]
NIACINE,O=C(O)c1cccnc1
NUKED-PENTOSE-RING,OCC1OCC(O)C1O
ACETYLSERINE,CC(=O)OCC(N)C(=O)O
O-PHOSPHO-L-HOMOSERINE,NC(CCOP(=O)(O)O)C(=O)O
O-SUCCINYL-L-HOMOSERINE,NC(CCOC(=O)CCC(=O)O)C(=O)O
OROTATE,O=C(O)c1cc(=O)[nH]c(=O)[nH]1
OROTIDINE-5-PHOSPHATE,O=C(O)c1cc(=O)[nH]c(=O)n1C1OC(COP(=O)(O)O)C(O)C1O
OXALACETIC_ACID,O=C(O)CC(=O)C(=O)O
OXALO-SUCCINATE,O=C(O)CC(C(=O)O)C(=O)C(=O)O
PALMITATE,CCCCCCCCCCCCCCCC(=O)O
PHENANTHRENE-RING,c1ccc2c(c1)ccc1ccccc12
PHOSPHO-ENOL-PYRUVATE,C=C(OP(=O)(O)O)C(=O)O
PORPHOBILINOGEN,NCc1[nH]cc(CCC(=O)O)c1CC(=O)O
PORPHYRIN-RING,C1=CC2=NC1=CC1=NC(=CC3=NC(=CC4=NC(=C2)C=C4)C=C3)C=C1
PREPHENATE,O=C(O)C(=O)CC1(C(=O)O)C=CC(O)C=C1
PROPIONATE,CCC(=O)O
PTERIDINE-RING,c1cnc2ncncc2n1
PURINE-RING,c1ncc2[nH]cnc2n1
PUTRESCINE,NCCCCN
PYRIDINE-RING,c1ccncc1
PYRIDOXAL_PHOSPHATE,Cc1ncc(COP(=O)(O)O)c(C=O)c1O
PYRIDOXINE-5P,Cc1ncc(COP(=O)(O)O)c(CO)c1O
PYRUVATE,CC(=O)C(=O)O
QUINOLINATE,O=C(O)c1cccnc1C(=O)O
RIBOFLAVIN,Cc1cc2nc3c(=O)[nH]c(=O)nc-3n(CC(O)C(O)C(O)CO)c2cc1C
S-ADENOSYL-4-METHYLTHIO-2-OXOBUTANOATE,C[S+](CCC(=O)C(=O)O)CC1OC(n2cnc3c(N)ncnc32)C(O)C1O
ADENOSYL-HOMO-CYS,Nc1ncnc2c1ncn2C1OC(CSCCC(N)C(=O)O)C(O)C1O
S-ADENOSYLMETHIONINE,C[S+](CCC(N)C(=O)O)CC1OC(n2cnc3c(N)ncnc32)C(O)C1O
CPD-11281,NC(CCC(=O)NC(CSS)C(=O)NCC(=O)O)C(=O)O
SELENITE,O=[Se](O)O
CPD0-1561,NC(C[SeH])C(=O)O
SHIKIMATE,O=C(O)C1=CC(O)C(O)C(O)C1
SHIKIMATE-5P,O=C(O)C1=CC(OP(=O)(O)O)C(O)C(O)C1
STEARIC_ACID,CCCCCCCCCCCCCCCCCC(=O)O
STERONE-RING,C1CCC2C(C1)CCC1C3CCCC3CCC21
SUC,O=C(O)CCC(=O)O
SULFATE,O=S(=O)(O)O
THIAMINE-P,Cc1ncc(C[n+]2csc(CCOP(=O)(O)O)c2C)c(N)n1
THYMINE,Cc1c[nH]c(=O)[nH]c1=O
12-Hydroxyjasmonates,O=C(O)CC1CCC(=O)C1CC=CCCO
UMP,O=c1ccn(C2OC(COP(=O)(O)O)C(O)C2O)c(=O)[nH]1
URACIL,O=c1cc[nH]c(=O)[nH]1
UREA,NC(N)=O
URIDINE,O=c1ccn(C2OC(CO)C(O)C2O)c(=O)[nH]1
Vernolates,CCCCCC1OC1CC=CCCCCCCCC(=O)O
XANTHINE,O=c1[nH]c(=O)c2nc[nH]c2[nH]1
XANTHOSINE,O=c1[nH]c(=O)c2ncn(C3OC(CO)C(O)C3O)c2[nH]1
XANTHOSINE-5-PHOSPHATE,O=c1[nH]c(=O)c2ncn(C3OC(COP(=O)(O)O)C(O)C3O)c2[nH]1
