,Name,SMARTS
0,Hydrogenation of Alkene,[C+0:1]=[C+0:2].[H][H]>>[*:1][*:2]
1,Oxidative Cleavage of Alkenes,[C+0:1]=!@[C+0:2].[O+0:4]=[O+0:5]>>[*:1]=[*:4].[*:2]=[*:5]
2,"Oxidative Cleavage of Alkenes, Intramolecular",[C+0:1]=@[C+0:2].[O+0:4]=[O+0:5]>>([*:1]=[*:4].[*:2]=[*:5])
3,Olefin Cross Metathesis (CM),[C+0:1]=!@[C+0:2].[C+0:3]=!@[C+0:4]>>[*:1]=[*:3].[*:2]=[*:4]
4,Olefin Ring-Opening Metathesis (ROM) 1,[C+0:1]=@[C+0:2].[C+0:3]=!@[C+0:4]>>([*:1]=[*:3].[*:2]=[*:4])
5,Olefin Ring-Opening Metathesis (ROM) 2,[C+0:1]=@[C+0:2].[C+0:3]=!@[C+0:4]>>([*:1]=[*:3].[*:2]=[*:3]).([*:1]=[*:4].[*:2]=[*:4])
6,Olefin Ring-Closing Metathesis (RCM),([C+0:1]=!@[C+0:3].[C+0:2]=!@[C+0:4])>>[*:1]=[*:2].[*:3]=[*:4]
7,Reductive Cross-Coupling of Alkenes,[C+0:1]=[C+0:2].[C+0:3]=[C+0:4].[H][H]>>[*:1][*:2][*:3][*:4]
8,Epoxidation of Alkene,[C+0:1]=[C+0:2].[O+0:3]=[O+0]>>[*:1]1[*:2][*:3]1
9,"Hydration of Alkene, Ethers from Addition of Alcohols to Alkenes",[C+0:1]=[C+0:2].[O+0!H0;!$(*-C=O):3]>>[*:1][*:2][*:3]
10,"Ethers from Addition of Alcohols to Alkenes, Intramolecular",([C+0:1]=[C+0:2].[O+0H:3][C!$(*=O)+0:4])>>[*:1][*:2][*:3][*:4]
11,Hydrohalogenation of Alkenes,"[C+0:1]=[C+0:2].[F,Cl,Br,I;+0H:3]>>[*:1][*:2][*:3]"
12,Halogenation of Alkenes,"[C+0:1]=[C+0:2].[F,Cl,Br,I;+0:3][F,Cl,Br,I;+0:4]>>[*:1]([*:3])[*:2][*:4]"
13,Diels-Alder Reaction with Alkenes,[C+0:1]=[C+0:2][C+0:3]=[C+0:4].[C+0:5]=[C+0:6]>>[*:1]1[*:2]=[*:3][*:4][*:6][*:5]1
14,"Diels-Alder Reaction with Alkenes, Intramolecular",([C+0:1]=[C+0:2][C+0:3]=[C+0:4].[C+0:5]=[C+0:6])>>[*:1]1[*:2]=[*:3][*:4][*:6][*:5]1
15,Diels-Alder Reaction with Alkynes,[C+0:1]=[C+0:2][C+0:3]=[C+0:4].[C+0:5]#[C+0:6]>>[*:1]1[*:2]=[*:3][*:4][*:6]=[*:5]1
16,"Diels-Alder Reaction with Alkynes, Intramolecular",([C+0:1]=[C+0:2][C+0:3]=[C+0:4].[C+0:5]#[C+0:6])>>[*:1]1[*:2]=[*:3][*:4][*:6]=[*:5]1
17,Halohydrin Formation,"[C+0:1]=[C+0:2].[F,Cl,Br,I;+0:3][F,Cl,Br,I;+0:4].[O+0H2:5]>>[*:1]([*:5])[*:2][*:3].[*:4]"
18,Diol Formation by Oxidation,[C+0:1]=[C+0:2].[O+0:3]=[O+0].[O+0H2:4]>>[*:1]([*:3])[*:2][*:4]
19,"Conjugated Dienes 1,4 Addition with Hydrogen Halide","[C+0:1]=[C+0:2][C+0:3]=[C+0:4].[F,Cl,Br,I;+0H:5]>>[*:5][*:1][*:2]=[*:3][*:4]"
20,"Conjugated Dienes 1,4 Addition with Halogens","[C+0:1]=[C+0:2][C+0:3]=[C+0:4].[F,Cl,Br,I;+0:5][F,Cl,Br,I;+0:6]>>[*:5][*:1][*:2]=[*:3][*:4][*:6]"
21,"Claisen Rearrangement, Cope Rearrangements","[C+0:1]=[C+0:2][O,C;+0:3][C+0:4][C+0:5]=[C+0:6]>>[*:3]=[*:2][*:1][*:6][*:5]=[*:4]"
22,Aromatic Claisen Rearrangement 1,[c+0H:1]1:[c+0:2]:[c+0:3]:[c+0:4]:[c+0:5]:[c+0:6]:1-[O+0:7][C+0:8][C+0:9]=[C+0:10]>>[*:1]1([*:10][*:9]=[*:8]):[*:2]:[*:3]:[*:4]:[*:5]:[*:6]:1-[*:7]
23,Aromatic Claisen Rearrangement with Ortho Substituents,[c+0H0:1]1:[c+0:2]:[c+0:3]:[c+0:4]:[c+0H0:5]:[c+0:6]:1-[O+0:7][C+0:8][C+0:9]=[C+0:10]>>[*:1]1:[*:2]:[*:3]([*:8][*:9]=[*:10]):[*:4]:[*:5]:[*:6]:1-[*:7]
24,"Tsuji–Trost Reaction, Nu = Active Methylenes","[C+0:1]=[C+0:2][C+0;!$(*[OH]);!$(*=O):3]-!@[F,Cl,Br,I,O$(*C=O);+0:4].[C+0:5](=[O+0:6])[C+0!H0:7][C+0:8]=[O+0:9]>>[*:1]=[*:2][*:3][*:7]([*:5]=[*:6])[*:8]=[*:9].[*:4]"
25,"Tsuji–Trost Reaction, Nu = Enolates","[C+0:1]=[C+0:2][C+0;!$(*[OH]);!$(*=O):3]-!@[F,Cl,Br,I,O$(*C=O);+0:4].[C+0:5][C+0!H0:7][C+0;!$(*CC=O):8]=[O+0:9]>>[*:1]=[*:2][*:3][*:7]([*:5])[*:8]=[*:9].[*:4]"
26,"Tsuji–Trost Reaction, Nu = Amines","[C+0:1]=[C+0:2][C+0;!$(*[OH]);!$(*=O):3]-!@[F,Cl,Br,I,O$(*C=O);+0:4].[N+0!H0:7][C,c;+0:8]>>[*:1]=[*:2][*:3][*:7][*:8].[*:4]"
27,"Tsuji–Trost Reaction, Nu = Phenols","[C+0:1]=[C+0:2][C+0;!$(*[OH]);!$(*=O):3]-!@[F,Cl,Br,I,O$(*C=O);+0:4].[O+0H:7][c+0:8]>>[*:1]=[*:2][*:3][*:7][*:8].[*:4]"
28,"Intramolecular Tsuji-Trost Reaction, Nu = Active Methylenes","([C+0:1]=[C+0:2][C+0;!$(*[OH]);!$(*=O):3]-!@[F,Cl,Br,I,O$(*C=O);+0:4].[C+0:5](=[O+0:6])[C+0!H0:7][C+0:8]=[O+0:9])>>[*:1]=[*:2][*:3][*:7]([*:5]=[*:6])[*:8]=[*:9].[*:4]"
29,"Intramolecular Tsuji-Trost Reaction, Nu = Enolates","([C+0:1]=[C+0:2][C+0;!$(*[OH]);!$(*=O):3]-!@[F,Cl,Br,I,O$(*C=O);+0:4].[C+0:5][C+0!H0:7][C+0;!$(*CC=O):8]=[O+0:9])>>[*:1]=[*:2][*:3][*:7]([*:5])[*:8]=[*:9].[*:4]"
30,"Intramolecular Tsuji-Trost Reaction, Nu = Amines","([C+0:1]=[C+0:2][C+0;!$(*[OH]);!$(*=O):3]-!@[F,Cl,Br,I,O$(*C=O);+0:4].[N+0!H0:7][C,c;+0:8])>>[*:1]=[*:2][*:3][*:7][*:8].[*:4]"
31,"Intramolecular Tsuji-Trost Reaction, Nu = Phenols","([C+0:1]=[C+0:2][C+0;!$(*[OH]);!$(*=O):3]-!@[F,Cl,Br,I,O$(*C=O);+0:4].[O+0H:7][c+0:8])>>[*:1]=[*:2][*:3][*:7][*:8].[*:4]"
32,Halogen Addition of Alkynes,"[C+0:1]#[C+0:2].[F,Cl,Br,I;+0:3][F,Cl,Br,I;+0:4]>>[*:1]([*:3])=[*:2][*:4]"
33,Hydrogen Halides Addition of Alkynes,"[C+0:1]#[C+0:2].[F,Cl,Br,I;+0H:3]>>[*:1]([*:3])=[*:2]"
34,Hydration of Alkynes,[C+0:1]#[C+0:2].[O+0H2:3]>>[*:1]([*:3])=[*:2]
35,Hydrogenation of Alkynes,[C+0:1]#[C+0:2].[H][H]>>[*:1]=[*:2]
36,Hydrogenation of Alkynes to Alkanes,[C+0:1]#[C+0:2].[H][H]>>[*:1][*:2]
37,Gentle Alkyne Oxidation,[C+0:1]#[C+0:2].[O+0:4]=[O+0:5]>>[*:1](=[*:4])[*:2]=[*:5]
38,Oxidative Cleavage of Alkynes,[*:6][C+0:1]#!@[C+0:2][*:7].[O+0H2:3].[O+0:4]=[O+0:5]>>[*:6][*:1](=[*:3])[*:4].[*:7][*:2](=[*:5])[O]
39,Oxidative Cleavage of Alkynes Intramolecular,[*:6][C+0:1]#@[C+0:2][*:7].[O+0H2:3].[O+0:4]=[O+0:5]>>([*:6][*:1](=[*:3])[*:4].[*:7][*:2](=[*:5])[O])
40,Oxidative Cleavage of Terminal Alkynes,[*:6][C+0:1]#[C+0H:2].[O+0:4]=[O+0:5]>>[*:6][*:1](=[*:4])[*:5].[O]=[*:2]=[O]
41,Alkynes by Dehydrohalogenation of Alkanes,"[C+0!H0:1]([F,Cl,Br,I;+0:2])[C+0!H0:3]([F,Cl,Br,I;+0])>>[*:1]#[*:3].[*:2]"
42,Alkynes by Dehydrohalogenation of Alkenes,"[C+0:1]([F,Cl,Br,I;+0:2])=[C+0!H0:3]>>[*:1]#[*:3].[*:2]"
43,Alkylation of Acetylide Anions with Methyl and Primary Haloalkanes,"[C+0:1]#[C+0H:2].[F,Cl,Br,I;+0:3][C;H2,H3;+0:4]>>[*:1]#[*:2][*:4].[*:3]"
44,Sonogashira Coupling,"[C+0:1]#[C+0H:2].[F,Cl,Br,I;+0:3][c,C$(*=C),C$(*=O);+0:4]>>[*:1]#[*:2][*:4].[*:3]"
45,Addition of Alkynes to Aldehydes,[C+0:1]#[C+0H:2].[CX3+0H:3]=[O+0:4]>>[*:1]#[*:2][*:3][*:4]
46,Addition of Alkynes to Activated Ketones,[C+0:1]#[C+0H:2].[CX3$(*=O)+0:5][CX3!$(*O)+0:3]=[O+0:4]>>[*:1]#[*:2][*:3]([*:4])[*:5]
47,"Alcohols React with Hydrogen Halides to form Haloalkanes, Carboxylic Acids Conversion to Acid Chlorides","[C+0:1][O+0H:2].[F,Cl,Br,I;+0H:3]>>[*:1][*:3].[*:2]"
48,"Haloalkane Hydrolysis, Acid Chlorides Hydrolysis, Haloarenes Hydrolysis","[C,c;+0:1][F,Cl,Br,I;+0:2].[O+0H2:3]>>[*:1][*:3].[*:2]"
49,"Wurtz Reaction, Coupling of Halides with Gilman Reagent","[C,c;+0:1][F,Cl,Br,I;+0:2].[C,c;+0:3][F,Cl,Br,I;+0:4]>>[*:1][*:3].[*:2][*:4]"
50,"Wurtz Reaction, Coupling of Halides with Gilman Reagent, Intramolecular","([C,c;+0:1][F,Cl,Br,I;+0:2].[C,c;+0:3][F,Cl,Br,I;+0:4])>>[*:1][*:3].[*:2][*:4]"
51,Dehydrohalogenation,"[C+0:1]([F,Cl,Br,I;+0:2])[C+0!H0:3]>>[*:1]=[*:3].[*:2]"
52,Aromatic Halogenation,"[c+0H:1].[F,Cl,Br,I;+0:2][F,Cl,Br,I;+0:3]>>[*:1][*:2].[*:3]"
53,Friedel–Crafts Reaction,"[c+0H:1].[CX4,C$(*=O);+0:2][F,Cl,Br,I;+0:3]>>[*:1][*:2].[*:3]"
54,"Friedel–Crafts Reaction, Intramolecular","([c+0H:1].[CX4,C$(*=O);+0:2][F,Cl,Br,I;+0:3])>>[*:1][*:2].[*:3]"
55,Friedel–Crafts Acylation with Carboxylic Acids,[c+0H:1].[C$(*=O)+0:2][O+0H:3]>>[*:1][*:2].[*:3]
56,"Friedel–Crafts Acylation with Carboxylic Acids, Intramolecular",([c+0H:1].[C$(*=O)+0:2][O+0H:3])>>[*:1][*:2].[*:3]
57,Friedel–Crafts Acylation with Acid Anhydrides,[c+0H:1].[C$(*=O)+0:2][O+0:3]!@[C$(*=O)+0:4]>>[*:1][*:2].[*:3][*:4]
58,Friedel–Crafts Reaction with Alkenes,[c+0H:1].[C+0:2]=[C+0:3]>>[*:1][*:2][*:3]
59,"Friedel–Crafts Reaction with Alkenes, Intramolecular",([c+0H:1].[C+0:2]=[C+0:3])>>[*:1][*:2][*:3]
60,Heck Reaction,"[C+0:1]=[C+0!H0:2].[C,c;+0:3][F,Cl,Br,I;+0:4]>>[*:1]=[*:2][*:3].[*:4]"
61,"Heck Reaction, Intramolecular","([C+0:1]=[C+0!H0:2].[C,c;+0:3][F,Cl,Br,I;+0:4])>>[*:1]=[*:2][*:3].[*:4]"
62,"Suzuki Coupling with Boranes from Alkyl, Alkenyl, or Aryl Halides","[c,C!$(*~O);!$(*#*);+0:1][F,Cl,Br,I;+0].[c,C$(*=,#C);+0:2][F,Cl,Br,I;+0]>>[*:1][*:2]"
63,Suzuki Coupling with Boranes from Alkenes,"[C+0:1]=[C+0:2].[c,C$(*=,#C);+0:3][F,Cl,Br,I;+0]>>[*:1]-[*:2][*:3]"
64,Suzuki Coupling with Boranes from Alkynes,"[C+0:1]#[C+0:2].[c,C$(*=,#C);+0:3][F,Cl,Br,I;+0]>>[*:1]=[*:2][*:3]"
65,Reduction of Haloalkanes,"[CX4,c;+0:1][F,Cl,Br,I;+0:2].[H][H]>>[*:1].[*:2]"
66,Grignard Reagent with Oxiranes,"[c,C!$(*~O);!$(*#*);+0:1][F,Cl,Br,I;+0].[C+0:2]1[C+0:3][O+0:4]1>>[*:1][*:2][*:3][*:4]"
67,Dichlorocarbene with Alkenes,"[C+0H:1]([F,Cl,Br,I;+0:2])([F,Cl,Br,I;+0:3])[F,Cl,Br,I;+0:4].[C+0:5]=[C+0:6]>>[*:1]1([*:2])([*:3])[*:5][*:6]1.[*:4]"
68,Simmons-Smith Reaction,"[C+0H2:1]([F,Cl,Br,I;+0:2])[F,Cl,Br,I;+0:3].[C+0:5]=[C+0:6]>>[*:1]1[*:5][*:6]1.[*:2].[*:3]"
69,Esterification with Alkyl and Aryl Halides,"[C+0:2](=[O+0:3])[O+0H:4].[CX4,c;+0:5][F,Cl,Br,I;+0:6]>>[*:2](=[*:3])[*:4][*:5].[*:6]"
70,"Esterification with Alkyl and Aryl Halides, Intramolecular","([C+0:2](=[O+0:3])[O+0H:4].[CX4,c;+0:5][F,Cl,Br,I;+0:6])>>[*:2](=[*:3])[*:4][*:5].[*:6]"
71,Glycol Cleavage by Oxidation,[C+0:1]([O+0H:5])-!@[C+0:2][O+0H:6].[O+0:3]=[O+0]>>[*:1]=[*:5].[*:2]=[*:6].[*:3]
72,Glycol Cleavage by Oxidation Intramolecular,[C+0:1]([O+0H:5])-@[C+0:2][O+0H:6].[O+0:3]=[O+0]>>([*:1]=[*:5].[*:2]=[*:6]).[*:3]
73,"Hydrodeoxygenation of Alcohol, Classic Synthesis of Aldehydes from Carboxylic Acids","[C,c;+0:1][O+0H:2].[H][H]>>[*:1].[*:2]"
74,Dehydration of Alcohol,[C+0!H0:1][C+0:2][O+0H:3]>>[*:1]=[*:2].[*:3]
75,"Dehydration of Alcohol, 2-step",([C+0!H0:1][C+0:2][O+0H:3].[C+0!H0:4][C+0:5][O+0H])>>([*:1]=[*:2].[*:4]=[*:5]).[*:3]
76,Selective Oxidation of Alcohols,[C+0!H0:1][O+0H:2].[O+0:3]=[O+0]>>[*:1]=[*:2].[*:3]
77,Diol Carboxylation,[O+0H:1][C+0:2][C+0:3][O+0H:4].[O+0:5]=[C+0:6]=[O+0:7]>>[*:1].[*:2]1[*:3][*:4][*:6](=[*:7])[*:5]1
78,Diol Carboxylation 2,[O+0H:1][C+0:2][C+0:8][C+0:3][O+0H:4].[O+0:5]=[C+0:6]=[O+0:7]>>[*:1].[*:2]1[*:8][*:3][*:4][*:6](=[*:7])[*:5]1
79,Hydrogenolysis of Primary Alcohol,[C+0:1][C+0H2:3][O+0H:2].[H][H]>>[*:1].[*:3].[*:2]
80,"Pinacol Rearrangement, no H on Carbon#2",[C+0:1][C+0:2]([C+0:3])([O+0H:4])[C+0X4:5][O+0H:8]>>[*:1][*:2](=[*:4])[*:5]([*:3]).[*:8]
81,"Pinacol Rearrangement, 1 H on Carbon#2",[C+0H:2]([C+0:3])([O+0H:4])[C+0X4:5][O+0H:8]>>[*:2](=[*:4])([*:3])[*:5].[*:8]
82,"Pinacol Rearrangement, 2 Hs on Carbon#2",[C+0H2:2]([O+0H:4])[C+0X4:5][O+0H:8]>>[*:2](=[*:4])[*:5].[*:8]
83,Dehydration of Geminal Diol,[C+0:1]([O+0H:2])[O+0H:3]>>[*:1]=[*:2].[*:3]
84,Formation of Acetals from Hemiacetals,[C+0X4:1]([O+0H0X2:2])[O+0H:3].[O+0H:4][C+0X4;!$(*OC):5]>>[*:1]([*:2])[*:4][*:5].[*:3]
85,Oxidation Of Primary Alcohols to Carboxylic Acids,"[C+0;H3,H2:1][O+0H:2].[O+0:3]=[O+0:4]>>[*:1](=[*:3])[*:2].[*:4]"
86,"Oxidation Of Primary Alcohols to Carboxylic Acids, 2-step","([C+0;H3,H2:1][O+0H:2].[C+0;H3,H2:5][O+0H:6]).[O+0:3]=[O+0:4]>>([*:1](=[*:3])[*:2].[*:5](=[*:6])[O]).[*:4]"
87,Formation of Cyclic Acetals from Ketones/Aldehydes with Diols,[C+0X3!$(*O):1]=[O+0:2].[O+0H:3][C+0X4:4][C+0X4:5][O+0H:6]>>[*:1]1[*:3][*:4][*:5][*:6]1.[*:2]
88,"Hydrolysis of Ethers, Esters, Anhydrides","[C,c;+0:1][O+0:2]-!@[C,c;+0:3].[O+0H2:4]>>[*:1][*:2].[*:3][*:4]"
89,"Hydrolysis of Ethers, Esters, Anhydrides, Intramolecular","[C,c;+0:1][O+0:2]-@[C,c;+0:3].[O+0H2:4]>>([*:1][*:2].[*:3][*:4])"
90,Hydrogenolysis of Ethers,"[C,c;+0;!$(*=O):1]!@[O+0:2][C,c;+0;!$(*=O):3].[H][H]>>[*:1].[*:2][*:3]"
91,Hydrogenolysis of Ethers Intramolecular,"[C,c;+0;!$(*=O):1]@[O+0:2][C,c;+0;!$(*=O):3].[H][H]>>([*:1].[*:2][*:3])"
92,"Williamson Ether Synthesis, Ullmann Condensation","[C,c;!$(*=O);+0:1][O+0H:2].[CX4!H0,c;+0:3][F,Cl,Br,I;+0:4]>>[*:1][*:2][*:3].[*:4]"
93,"Williamson Ether Synthesis, Ullmann Condensation, Intramolecular","([C,c;!$(*=O);+0:1][O+0H:2].[CX4!H0,c;+0:3][F,Cl,Br,I;+0:4])>>[*:1][*:2][*:3].[*:4]"
94,Ether Cleavage,"[C,c;+0;!$(*=O):1][O+0:2]!@[C;+0;!$(*=O):3].[F,Cl,Br,I;+0H:4]>>[*:1][*:2].[*:3][*:4]"
95,"Ether Cleavage, Intramolecular","[C,c;+0;!$(*=O):1][O+0:2]@[C;+0;!$(*=O):3].[F,Cl,Br,I;+0H:4]>>([*:1][*:2].[*:3][*:4])"
96,Ether Synthesis by Dehydration,"[C,c;!$(*=O);+0:1][O+0H:2].[C,c;!$(*=O);+0:3][O+0H:4]>>[*:1][*:2][*:3].[*:4]"
97,"Ether Synthesis by Dehydration, Intramolecular","([C,c;!$(*=O);+0:1][O+0H:2].[C,c;!$(*=O);+0:3][O+0H:4])>>[*:1][*:2][*:3].[*:4]"
98,Epoxides Ring Opening,[C+0:1]1[C+0:2][O+0:3]1.[O+0!H0;!$(*-C=O):4]>>[*:4][*:1][*:2][*:3]
99,Aldehyde Oxidation,[C+0!H0:1]=[O+0:2].[O+0:3]=[O+0]>>[*:1](=[*:2])[*:3]
100,"Aldehyde Oxidation, 2-step",([C+0!H0:1]=[O+0:2].[C+0!H0:5]=[O+0:6]).[O+0:3]=[O+0:4]>>([*:1](=[*:2])[*:3].[*:5](=[*:6])[*:4])
101,"Aldehyde & Alcohol Oxidation, 2-step","([C+0!H0:1]=[O+0:2].[C+0;H3,H2:5][O+0H:6]).[O+0:3]=[O+0:4]>>([*:1](=[*:2])[*:3].[*:5](=[*:6])[O]).[*:4]"
102,Ketone Oxidation,"[C,c;+0:1][C+0:2](=[O+0:3])!@[C+0H2:4][C,c;+0:5].[O+0:6]=[O+0:7]>>[*:1][*:2](=[*:3])[*:6].[*:5][*:4](=[*:7])[O]"
103,"Ketone Oxidation, Intramolecular","[C,c;+0:1][C+0:2](=[O+0:3])@[C+0H2:4][C,c;+0:5].[O+0:6]=[O+0:7]>>([*:1][*:2](=[*:3])[*:6].[*:5][*:4](=[*:7])[O])"
104,Baeyer-Villiger Oxidation (Ketones),"[C,c;+0:5][C+0:1](=[O+0:2])[C,c;+0:3].[O+0:4]=[O+0]>>[*:5][*:1](=[*:2])[*:4][*:3]"
105,Baeyer-Villiger Oxidation (Aldehydes),"[C+0H:1](=[O+0:2])[C$(*(C)(C)C),C$(*=*),C$(*c),c;+0:3].[O+0:4]=[O+0]>>[*:1](=[*:2])[*:4][*:3]"
106,Hydrogenation of Ketones,[C+0!$(*-O):1]=[O+0:2].[H][H]>>[*:1][*:2]
107,Keto-enol Tautomerization,"[C,N;+0!H0:1][C+0:2]=[O,N;+0:3]>>[*:1]=[*:2][*:3]"
108,Keto-enol Tautomerization Reverse,"[C,N;+0:1]=[C+0:2][O,N;+0!H0:3]>>[*:1][*:2]=[*:3]"
109,Decarbonylation of Aldehydes,[*+0:1][C+0H:2]=[O+0:3]>>[*:1].[*-:2]#[*+:3]
110,Ketonization,[*+0:1][C+0:2](=[O+0:3])[O+0H:4].[*+0:5][C+0:6](=[O+0:7])[O+0H:8]>>[*:1][*:2](=[*:3])[*:5].[*:4]=[*:6]=[*:7].[*:8]
111,"Ketonization, Intramolecular",([*+0:1][C+0:2](=[O+0:3])[O+0H:4].[*+0:5][C+0:6](=[O+0:7])[O+0H:8])>>[*:1][*:2](=[*:3])[*:5].[*:4]=[*:6]=[*:7].[*:8]
112,Oxidative Esterification of Aldehydes and Alcohols,[C+0;!$(*=O):5][O+0H:1].[O+0:2]=[C+0!H0:3].[O+0:4]=[O+0]>>[*:5][*:1][*:3]=[*:2].[*:4]
113,"Oxidative Esterification of Aldehydes and Alcohols, Intramolecular",([C+0;!$(*=O):5][O+0H:1].[O+0:2]=[C+0!H0:3]).[O+0:4]=[O+0]>>[*:5][*:1][*:3]=[*:2].[*:4]
114,McMurry Reaction,[*+0:1][C+0;!$(*-O):2](=[O+0:3]).[*+0:5][C+0;!$(*-O):6](=[O+0:7]).[H][H]>>[*:1][*:2]=[*:6][*:5].[*:3].[*:7]
115,"McMurry Reaction, Intramolecular",([*+0:1][C+0;!$(*-O):2](=[O+0:3]).[*+0:5][C+0;!$(*-O):6](=[O+0:7])).[H][H]>>[*:1][*:2]=[*:6][*:5].[*:3].[*:7]
116,Hydration of Ketone and Aldehyde,[C+0;!$(*-O):2]=[O+0:3].[O+0H2:4]>>[*:2]([*:3])[*:4]
117,"Hemiacetal Dissociation, Addition of Alcohols to Carbonyl Groups Reverse",[C;!$(*=O):1]([O+0H:2])!@[O+0:3][C;!$(*=O):4]>>[*:1]=[*:2].[*:3][*:4]
118,"Hemiacetal Dissociation, Addition of Alcohols to Carbonyl Groups Reverse, Intramolecular",[C;!$(*=O):1]([O+0H:2])@[O+0:3][C;!$(*=O):4]>>([*:1]=[*:2].[*:3][*:4])
119,"Hemiacetal Formation, Addition of Alcohols to Carbonyl Groups",[CX3;!$(*O):1]=[O+0:2].[O+0H:3][C;!$(*=O):4]>>[*:1]([*:2])[*:3][*:4]
120,"Hemiacetal Formation, Addition of Alcohols to Carbonyl Groups, Intramolecular",([C;!$(*O):1]=[O+0:2].[O+0H:3][C;!$(*=O):4])>>[*:1]([*:2])[*:3][*:4]
121,Reduction of Carbonyl Groups,"[C,c,N;+0:1][C+0:2]=[O+0:3].[H][H]>>[*:1][*:2].[*:3]"
122,a-Halogenation,"[C+0:2](=[O+0:3])[C+0!H0:4].[F,Cl,Br,I;+0:5][F,Cl,Br,I;+0:6]>>[*:2](=[*:3])[*:4][*:5].[*:6]"
123,Wittig Reaction (Combined with Ylide Formation),"[C+0!H0;!$(*~[O,S,N]):1][F,Cl,Br,I;+0].[C,c;+0:3][C+0;!$(*-O):4]=[O+0]>>[*:1]=[*:4][*:3]"
124,"Wittig Reaction, Intramolecular (Combined with Ylide Formation)","([C+0!H0;!$(*~[O,S,N]):1][F,Cl,Br,I;+0].[C,c;+0:3][C+0;!$(*-O):4]=[O+0])>>[*:1]=[*:4][*:3]"
125,Carboxylic Acids Decarboxylation,[*+0:1][C+0:2](=[O+0:3])[O+0H:4]>>[*:1].[*:3]=[*:2]=[*:4]
126,Acid Anhydrides React with Alcohols to Form Esters,"[C+0;!$(*[OH]):1](=[O+0:2])[O+0!R:3][C+0;!$(*[OH]):4](=[O+0:5]).[C,c;+0;!$(*=O):6][O+0H:7]>>[*:1](=[*:2])[*:3][*:6].[*:4](=[*:5])[*:7]"
127,"Acid Anhydrides React with Alcohols to Form Esters, Intramolecular","[C+0;!$(*[OH]):1](=[O+0:2])[O+0R:3][C+0;!$(*[OH]):4](=[O+0:5]).[C,c;+0;!$(*=O):6][O+0H:7]>>([*:1](=[*:2])[*:3][*:6].[*:4](=[*:5])[*:7])"
128,Aldol Condensation,[C+0:2](=[O+0:3])[C+0!H0:4].[O+0:5]=[C+0X3:6]>>[*:2](=[*:3])[*:4][*:6]([*:5])
129,"Aldol Condensation, Intramolecular",([C+0:2](=[O+0:3])[C+0!H0:4].[O+0:5]=[C+0X3:6])>>[*:2](=[*:3])[*:4][*:6]([*:5])
130,Aldol Condensation (2H),"[C+0:2](=[O+0:3])[C+0;H3,H2:4].[O+0:5]=[C+0X3:6]>>[*:2](=[*:3])[*:4]=[*:6].[*:5]"
131,"Aldol Condensation (2H), Intramolecular","([C+0:2](=[O+0:3])[C+0;H3,H2:4].[O+0:5]=[C+0X3:6])>>[*:2](=[*:3])[*:4]=[*:6].[*:5]"
132,Claisen Condensation,[C+0:2](=[O+0:3])!@[O+0:7][C+0:4].[O+0:5]=[C+0:6][C+0!H0:8]>>[*:2](=[*:3])[*:8][*:6]=[*:5].[*:7][*:4]
133,Dieckmann Condensation,([C+0:2](=[O+0:3])!@[O+0:7][C+0:4].[O+0:5]=[C+0:6][C+0!H0:8])>>[*:2](=[*:3])[*:8][*:6]=[*:5].[*:7][*:4]
134,Michael Reaction,[C+0:1](=[O+0:2])[C+0!H0:3][C+0:4]=[O+0:5].[C+0:6]=[C+0:7][C+0:8]=[O+0:9]>>[*:1](=[*:2])[*:3]([*:6][*:7][*:8]=[*:9])[*:4]=[*:5]
135,"Michael Reaction, Intramolecular",([C+0:1](=[O+0:2])[C+0!H0:3][C+0:4]=[O+0:5].[C+0:6]=[C+0:7][C+0:8]=[O+0:9])>>[*:1](=[*:2])[*:3]([*:6][*:7][*:8]=[*:9])[*:4]=[*:5]
136,Michael Reaction with Cyclic Ketones,[C+0:1]1(=[O+0:2])[C+0!H0:3][C+0:10][C+0:11][C+0:12][C+0:13]1.[C+0:6]=[C+0:7][C+0:8]=[O+0:9]>>[*:1]1(=[*:2])[*:3]([*:10][*:11][*:12][*:13]1)[*:6][*:7][*:8]=[*:9]
137,"Michael Reaction with Cyclic Ketones, Intramolecular",([C+0:1]1(=[O+0:2])[C+0!H0:3][C+0:10][C+0:11][C+0:12][C+0:13]1.[C+0:6]=[C+0:7][C+0:8]=[O+0:9])>>[*:1]1(=[*:2])[*:3]([*:10][*:11][*:12][*:13]1)[*:6][*:7][*:8]=[*:9]
138,Robinson Annulation,"[C+0:1]1(=[O+0:2])[C+0!H0:3][C+0:14][C+0:15][C+0:16][C+0:17]1.[C+0:8]=[C+0:9][C+0:10](=[O+0:11])[C+0;H2,H3:12]>>[*:1]12[*:3]([*:8][*:9][*:10](=[*:11])[*:12]=2)[*:14][*:15][*:16][*:17]1.[*:2]"
139,"Esterification, Acid Anhydride Formation","[C+0:2](=[O+0:3])[O+0H:4].[C,c;+0:5][O+0H:6]>>[*:2](=[*:3])[*:6][*:5].[*:4]"
140,"Esterification, Acid Anhydride Formation, Intramolecular","([C+0:2](=[O+0:3])[O+0H:4].[C,c;+0:5][O+0H:6])>>[*:2](=[*:3])[*:6][*:5].[*:4]"
141,Esterification of Acid Halides,"[C+0:1](=[O+0:2])[F,Cl,Br,I;+0:3].[C,c;!$(*=O);+0:4][O+0H:5]>>[*:1](=[*:2])[*:5][*:4].[*:3]"
142,"Esterification of Acid Halides, Intramolecular","([C+0:1](=[O+0:2])[F,Cl,Br,I;+0:3].[C,c;!$(*=O);+0:4][O+0H:5])>>[*:1](=[*:2])[*:5][*:4].[*:3]"
143,Ester Reduction to Aldehydes and Alcohols,[O+0H0!R:1][C+0:2]=[O+0:3].[H][H]>>[*:1].[*:2]=[*:3]
144,"Ester Reduction to Aldehydes and Alcohols, Intramolecular",[O+0H0R:1][C+0:2]=[O+0:3].[H][H]>>([*:1].[*:2]=[*:3])
145,Ester Reduction to Alcohols,[O+0H0!R:1][C+0:2]=[O+0:3].[H][H]>>[*:1].[*:2][*:3]
146,"Ester Reduction to Alcohols, Intramolecular",[O+0H0R:1][C+0:2]=[O+0:3].[H][H]>>([*:1].[*:2][*:3])
147,Transesterification,[C+0:1](=[O+0:2])!@[O+0:3][*+0:4].[*+0:6][O+0H;!$(*-C=O):5]>>[*:1](=[*:2])[*:5][*:6].[*:4][*:3]
148,"Transesterification, Intramolecular",([C+0:1](=[O+0:2])!@[O+0:3][*+0:4].[*+0:6][O+0H;!$(*-C=O):5])>>[*:1](=[*:2])[*:5][*:6].[*:4][*:3]
149,Benzene Hydrogenation,[c+0:1]1:[c+0:2]:[c+0:3]:[c+0:4]:[c+0:5]:[c+0:6]:1.[H][H]>>[*:1]1[*:2][*:3][*:4][*:5][*:6]1
150,Kolbe Carboxylation,[c+0:1]1:[c+0:2]([O+0H:7]):[c+0H:3]:[c+0:4]:[c+0:5]:[c+0:6]:1.[O+0:8]=[C+0:9]=[O+0:10]>>[*:1]1:[*:2]([*:7]):[*:3]([*:9](=[*:8])[*:10]):[*:4]:[*:5]:[*:6]:1
151,Phenols Oxidation to Quinones 1,[c+0;!$(*~O):1]1:[c+0:2]([O+0H:7]):[c+0;!$(*~O):3]:[c+0;!$(*~O):4]:[c+0H:5]:[c+0;!$(*~O):6]:1.[O+0:8]=[O+0:9]>>[*:1]1[*:2](=[*:7])[*:3]=[*:4][*:5](=[*:8])[*:6]=1.[*:9]
152,Phenols Oxidation to Quinones 2,[c+0;!$(*~O):1]1:[c+0:2]([O+0H:7]):[c+0H;!$(*~O):3]:[c+0;!$(*~O):4]:[c+0:5]([*;!O+0:10]):[c+0;!$(*~O):6]:1.[O+0:8]=[O+0:9]>>[*:1]1[*:2](=[*:7])[*:3](=[*:8])[*:4]=[*:5]([*:10])[*:6]=1.[*:9]
153,Phenols Oxidation to Quinones 3,[c+0;!$(*~O):1]1:[c+0:2]([O+0H:7]):[c+0:3]([O+0H:8]):[c+0;!$(*~O):4]:[c+0;!$(*~O):5]:[c+0;!$(*~O):6]:1.[O+0:9]=[O+0]>>[*:1]1[*:2](=[*:7])[*:3](=[*:8])[*:4]=[*:5][*:6]=1.[*:9]
154,Phenols Oxidation to Quinones 3 Reverse,[C+0:1]1[C+0:2](=[O+0:7])[C+0:3](=[O+0:8])[C+0:4]=[C+0:5][C+0:6]=1.[H][H]>>[*:1]1:[*:2]([*:7]):[*:3]([*:8]):[*:4]:[*:5]:[*:6]:1
155,Phenols Oxidation to Quinones 4,[c+0;!$(*~O):1]1:[c+0:2]([O+0H:7]):[c+0;!$(*~O):3]:[c+0;!$(*~O):4]:[c+0:5]([O+0H:8]):[c+0;!$(*~O):6]:1.[O+0:9]=[O+0]>>[*:1]1[*:2](=[*:7])[*:3]=[*:4][*:5](=[*:8])[*:6]=1.[*:9]
156,Phenols Oxidation to Quinones 4 Reverse,[C+0:1]1[C+0:2](=[O+0:7])[C+0:3]=[C+0:4][C+0:5](=[O+0:8])[C+0:6]=1.[H][H]>>[*:1]1:[*:2]([*:7]):[*:3]:[*:4]:[*:5]([*:8]):[*:6]:1
157,Quinones Addition,"[C+0:1]1[C+0:2](=[O+0:7])[C+0:3]=[C+0H:4][C+0:5](=[O+0:8])[C+0:6]=1.[F,Cl,Br,I;+0H:9]>>[*:1]1:[*:2]([*:7]):[*:3]:[*:4]([*:9]):[*:5]([*:8]):[*:6]:1"
158,Naphthalene Oxidation with CrO3,[c+0:1]1:[c+0H:2]:[c+0:3]([c+0:9][c+0:10][c+0:11][c+0:12]2):[c+0:4]2:[c+0H:5]:[c+0:6]:1.[O+0:7]=[O+0:8]>>[*:1]1[*:2](=[*:7])[*:3](:[*:9]:[*:10]:[*:11]:[*:12]:2)=[*:4]2[*:5](=[O])[*:6]=1.[*:8]
159,Naphthalene Oxidation with V2O5 Catalyst,[c+0:1]1:[c+0:2]:[c+0:3]([c+0H:9][c+0H:10][c+0H][c+0H:12]2):[c+0:4]2:[c+0:5]:[c+0:6]:1.[O+0:7]=[O+0:8]>>[*:1]1:[*:2]:[*:3]([C:9](=[O])[O]):[*:4]([C:12](=[O])[O]):[*:5]:[*:6]:1.[*:7]=[C:10]=[O].[*:8]
160,Oxidation of Aromatic Alkanes Ar-CH3,[c+0:1][C+0H3:2].[O+0:3]=[O+0:4]>>[*:1][*:2](=[*:3])[O].[*:4]
161,Oxidation of Aromatic Alkanes Ar-CH2CH3,[c+0:1][C+0H2:2][C+0H3:3].[O+0:4]=[O+0:5]>>[*:1][*:2](=[*:4])[O].[O]=[*:3]=[O].[*:5]
162,Oxidation of Aromatic Alkanes Ar-(CH3)CH3,[c+0:1][C+0H:2]([C+0H3:3])[C+0H3].[O+0:4]=[O+0:5]>>[*:1][*:2](=[*:4])[O].[O]=[*:3]=[O].[*:5]
163,Oxidation of Aromatic Alkanes Ar-long_chain,[c+0:1][C+0H2:2]!@[C+0H2:3][C+0!H3:4].[O+0:5]=[O+0:6]>>[*:1][*:2](=[*:5])[O].[*:4][*:3](=[O])[O].[*:6]
164,Oxidation of Aromatic Alkanes Ring-opening 1,[c+0:1][C+0H2:2]@-[C+0H2:3].[O+0:4]=[O+0:5]>>([*:1][*:2](=[*:4])[O].[*:3](=[O])[O]).[*:5]
165,Oxidation of Aromatic Alkanes Ring-opening 2,[c+0:1][C+0H:2]@=[C+0H:3].[O+0:4]=[O+0:5]>>([*:1][*:2](=[*:4])[O].[*:3](=[*:5])[O])
166,"Oxidation of Aromatic Alkanes Ar-CH3, 2-step",([c+0:1][C+0H3:2].[c+0:5][C+0H3:6]).[O+0:3]=[O+0:4]>>([*:1][*:2](=[*:3])[O].[*:5][*:6](=[O])[O]).[*:4]
167,"Oxidation of Aldehyde & Aromatic Alkanes, 2-step",([C+0!H0:1]=[O+0:2].[c+0:5][C+0H3:6]).[O+0:3]=[O+0:4]>>([*:1](=[*:2])[*:3].[*:5][*:6](=[O])[O]).[*:4]
168,"Oxidation of Alcohol & Aromatic Alkanes, 2-step","([C+0;H3,H2:1][O+0H:2].[c+0:5][C+0H3:6]).[O+0:3]=[O+0:4]>>([*:1](=[*:2])[*:3].[*:5][*:6](=[O])[O]).[*:4]"
169,Halogenation of Aromatic Alkanes,"[c+0:1][C+0!H0:2].[F,Cl,Br,I;+0:3][F,Cl,Br,I;+0:4]>>[*:1][*:2][*:3].[*:4]"
170,Electrophilic Aromatic Alkylation with Alkenes,[c+0H:1].[C+0:2]=[C+0:3]>>[*:1][*:2][*:3]
171,"Electrophilic Aromatic Alkylation with Alkenes, Intramolecular",([c+0H:1].[C+0:2]=[C+0:3])>>[*:1][*:2][*:3]
172,Electrophilic Aromatic Alkylation with Alcohols,[c+0H:1].[C+0;!$(*=O):2][O+0H:3]>>[*:1][*:2].[*:3]
173,"Electrophilic Aromatic Alkylation with Alcohols, Intramolecular",([c+0H:1].[C+0:2][O+0H:3])>>[*:1][*:2].[*:3]
174,Furan Carboxylation,[o+0:1]1:[c+0H:2]:[c+0:3]:[c+0:4]:[c+0:5]:1.[O+0:8]=[C+0:9]=[O+0:10]>>[*:1]1:[*:2]([*:9](=[*:8])[*:10]):[*:3]:[*:4]:[*:5]:1
175,"Furan Carboxylation, 2-step",[o+0:1]1:[c+0H:2]:[c+0:3]:[c+0:4]:[c+0H:5]:1.[O+0:8]=[C+0:9]=[O+0:10]>>[*:1]1:[*:2]([*:9](=[*:8])[*:10]):[*:3]:[*:4]:[*:5]([C](=[O])[O]):1
176,Friedel-Crafts Hydroxyalkylation,[c+0H:1].[CX3!$(*-O)+0:2]=[O+0:3]>>[*:1][*:2][*:3]
177,"Friedel-Crafts Hydroxyalkylation, Intramolecular",([c+0H:1].[CX3!$(*-O)+0:2]=[O+0:3])>>[*:1][*:2][*:3]
178,Friedel-Crafts Hydroxyalkylation(BPA Synthesis),[c+0H:1].[c+0H:2].[CX3!$(*-O)+0:3]=[O+0:4]>>[*:1][*:3][*:2].[*:4]
179,Hydroformylation,[C+0:1]=[C+0:2].[C-1]#[O+1].[H][H]>>[*:1][*:2][C]=[O]
180,Cativa Process,[C!$(*=O)+0:1][O+0H:2].[C-1]#[O+1]>>[*:1][C](=[O])[*:2]
181,Oxidative Carbonylation 1,[C!$(*=O)+0:1][O+0H:2].[C!$(*=O)+0:5][O+0H:6].[C-1]#[O+1].[O+0:7]=[O+0]>>[*:1][*:2][C](=[O])[*:6][*:5].[*:7]
182,Oxidative Carbonylation 2,[C!$(*=O)+0:1][O+0H:2].[C!$(*=O)+0:5][O+0H:6].[C-1]#[O+1].[O+0:7]=[O+0]>>[*:1][*:2][C](=[O])[C](=[O])[*:6][*:5].[*:7]
183,"Hydrocarboxylation 1, Hydroesterification(Carboalkoxylation)",[C+0:1]=[C+0:2].[C-1]#[O+1].[O+0!H0;!$(*-C=O):5]>>[*:1][*:2][C](=[O])[*:5]
184,Hydrocarboxylation 2,[C+0:1]#[C+0:2].[C-1]#[O+1].[O+0H2:5]>>[*:1]=[*:2][C](=[O])[*:5]
185,Oxidation of Pyranosides,[C+0:9][C+0H:1]([O+0H:2])@[C+0H:3]([O+0H:4])[C+0H:5]([O+0H:6])[C+0:10].[O+0:7]=[O+0:8]>>([*:9][*:1]=[*:2].[*:10][*:5]=[*:6]).[*:7][*:3]=[*:4].[*:8]
186,Dehydration of Amides,[C+0:1](=[O+0:2])[N+0H2:3]>>[*:1]#[*:3].[*:2]
187,Ketone Reductive Amination,"[CX3!$(*[O,S,N])+0:2](=[O+0:3]).[N+0X3!H0:6].[H][H]>>[*:2][*:6].[*:3]"
188,"Ketone Reductive Amination, Intramolecular","([CX3!$(*[O,S,N])+0:2](=[O+0:3]).[N+0X3!H0:6]).[H][H]>>[*:2][*:6].[*:3]"
189,Alkylation or Acylation of Amines,"[C,c;+0:1][F,Cl,Br,I;+0:2].[NX3!H0,nH;+0:3]>>[*:1][*:3].[*:2]"
190,"Alkylation or Acylation of Amines, Intramolecular","([C,c;+0:1][F,Cl,Br,I;+0:2].[NX3!H0,nH;+0:3])>>[*:1][*:3].[*:2]"
191,Alkylation of Tertiary Amines,"[C,c;+0:1][F,Cl,Br,I;+0:2].[NX3H0+0:3]>>[*:1][*+1:3].[*-1:2]"
192,Amine Alkylation with Alcohols or Primary Amines,"[C,c;!$(*=O)+0:1][OH,NH2;+0:2].[NX3!H0,nH;+0:3]>>[*:1][*:3].[*:2]"
193,"Amine Alkylation with Alcohols or Primary Amines, Intramolecular","([C,c;!$(*=O)+0:1][OH,NH2;+0:2].[NX3!H0,nH;+0:3])>>[*:1][*:3].[*:2]"
194,Synthesis of Amides with Carboxylic Acid,[CX3+0:2](=[O+0:3])[O+0H:4].[N+0X3!H0:5]>>[*:2](=[*:3])[*:5].[*:4]
195,"Synthesis of Amides with Carboxylic Acid, Intramolecular",([CX3+0:2](=[O+0:3])[O+0H:4].[N+0X3!H0:5])>>[*:2](=[*:3])[*:5].[*:4]
196,Synthesis of Amides with Acid Anhydrides or Esters,"[CX3+0:2](=[O+0:3])-!@[O+0:4][C,c;+0:6].[N+0X3!H0:5]>>[*:2](=[*:3])[*:5].[*:4][*:6]"
197,"Synthesis of Amides with Acid Anhydrides or Esters, Intramolecular","([CX3+0:2](=[O+0:3])-!@[O+0:4][C,c;+0:6].[N+0X3!H0:5])>>[*:2](=[*:3])[*:5].[*:4][*:6]"
198,Hydrolysis of Amides,"[CX3!$(*[OH,SH])+0:2](=[O+0:3])-!@[N+0X3:5].[O+0H2:4]>>[*:2](=[*:3])[*:4].[*:5]"
199,"Hydrolysis of Amides, Intramolecular","[CX3!$(*[OH,SH])+0:2](=[O+0:3])-@[N+0X3:5].[O+0H2:4]>>([*:2](=[*:3])[*:4].[*:5])"
200,Hofmann Elimination R-NH2,"[C+0X4!H0:1][CX4+0:2][N+0H2:3].[C+0:4][F,Cl,Br,I;+0:5]>>[*:1]=[*:2].[*:3]([*:4])([*:4])[*:4].[*:5]"
201,Hofmann Elimination R-NHR,"[C+0X4!H0:1][CX4+0:2]-!@[N+0H:3].[C+0:4][F,Cl,Br,I;+0:5]>>[*:1]=[*:2].[*:3]([*:4])[*:4].[*:5]"
202,Hofmann Elimination R-NHR Ringopening,"[C+0X4!H0:1][CX4+0:2]-@[N+0H:3].[C+0:4][F,Cl,Br,I;+0:5]>>([*:1]=[*:2].[*:3]([*:4])[*:4]).[*:5]"
203,Hofmann Elimination R-NRR,"[C+0X4!H0:1][CX4+0:2]-!@[N+0X3H0:3].[C+0:4][F,Cl,Br,I;+0:5]>>[*:1]=[*:2].[*:3][*:4].[*:5]"
204,Hofmann Elimination R-NRR Ringopening,"[C+0X4!H0:1][CX4+0:2]-@[N+0X3H0:3].[C+0:4][F,Cl,Br,I;+0:5]>>([*:1]=[*:2].[*:3][*:4]).[*:5]"
205,Hofmann Rearrangement,"[C,c;+0:1][C+0:2](=[O+0:3])[N+0H2:5].[F,Cl,Br,I;+0:6][F,Cl,Br,I;+0].[O+0H2:4]>>[*:1][*:5].[*:3]=[*:2]=[*:4].[*:6]"
206,Hofmann Rearrangement with Alcohols,"[C,c;+0:1][C+0:2](=[O+0:3])[N+0H2:5].[F,Cl,Br,I;+0:6][F,Cl,Br,I;+0].[C+0!$(*=[O,S]):7][O+0H:4]>>[*:1][*:5][*:2](=[*:3])[*:4][*:7].[*:6]"
207,Hydroamination of Alkenes,[C+0:1]=[C+0:2].[N+0X3!H0:3]>>[*:1][*:2][*:3]
208,"Hydroamination of Alkenes, Intramolecular",([C+0:1]=[C+0:2].[N+0X3!H0:3])>>[*:1][*:2][*:3]
209,Hydroamination of Alkynes,[C+0:1]#[C+0:2].[N+0X3!H0:3]>>[*:1]=[*:2][*:3]
210,"Hydroamination of Alkynes, Intramolecular",([C+0:1]#[C+0:2].[N+0X3!H0:3])>>[*:1]=[*:2][*:3]
211,Hydroamination of Dienes,[C+0:1]=[C+0:2][C+0:3]=[C+0:4].[N+0X3!H0:5]>>[*:1][*:2]=[*:3][*:4][*:5]
212,"Hydroamination of Dienes, Intramolecular",([C+0:1]=[C+0:2][C+0:3]=[C+0:4].[N+0X3!H0:5])>>[*:1][*:2]=[*:3][*:4][*:5]
213,Ring Opening of Epoxides by Amines,[C+0:1]1[C+0:2][O+0:3]1.[N+0X3!H0:4]>>[*:4][*:1][*:2][*:3]
214,Aromatic Nitrosation,"[OH,N$(*([#6])([#6])[#6]);+0:10][c+0:1]1[c+0:2][c+0:3][c+0H:4][c+0:5][c+0:6]1.[O+0H:7][N+0:8]=[O+0:9]>>[*:10][*:1]1:[*:2]:[*:3]:[*:4]([*:8]=[*:9]):[*:5]:[*:6]:1.[*:7]"
215,Secondary Amines with Nitrous Acid,[*+0:1][N+0H:2][*+0:3].[O+0H:4][N+0:5]=[O+0:6]>>[*:1][*:2]([*:5]=[*:6])[*:3].[*:4]
216,Primary Amines with Nitrous Acid to Alcohols,"[C,c;+0:1][N+0H2:2].[O+0H:3][N+0:4]=[O+0:5]>>[*:1][*:3].[*:5].[*:2]#[*:4]"
217,Primary Amines with Nitrous Acid to Halides,"[C,c;+0:1][N+0H2:2].[F,Cl,Br,I;+0H:3].[O+0H][N+0:5]=[O+0:6]>>[*:1][*:3].[*:6].[*:2]#[*:5]"
218,Primary Amines with Nitrous Acid to Alkenes,[C+0!H0:6][C+0:1][N+0H2:2].[O+0H][N+0:4]=[O+0:5]>>[*:6]=[*:1].[*:5].[*:2]#[*:4]
219,Tiffeneau–Demjanov Rearrangement,[O+0H:1][C+0:2]([C+0:3])([C+0:4])[C+0:5][N+0H2:6].[O+0H][N+0:7]=[O+0:8]>>[*:1]=[*:2]([*:3])[*:5][*:4].[*:8].[*:6]#[*:7]
220,Sandmeyer Cyanation,[c+0:1][N+0H2:2].[C+0H:3]#[N+0:4].[O+0H][N+0:5]=[O+0:6]>>[*:1][*:3]#[*:4].[*:6].[*:2]#[*:5]
221,Reduction of Primary Aromatic Amines,[c+0:1][N+0H2:2].[H][H].[O+0H][N+0:3]=[O+0:4]>>[*:1].[*:4].[*:2]#[*:3]
222,Cope Elimination,[C+0!H0:1][C+0:2]!@[N+0:3]([C+0:4])[C+0:5].[O+0]=[O+0:6]>>[*:1]=[*:2].[*:6][*:3]([*:4])[*:5]
223,"Cope Elimination, Intramolecular",[C+0!H0:1][C+0:2]@[N+0:3]([C+0:4])[C+0:5].[O+0]=[O+0:6]>>([*:1]=[*:2].[*:6][*:3]([*:4])[*:5])
224,Hemiaminal Formation,"[CX3!$(*O)+0:1]=[O+0:2].[N,n;+0X3!H0:3]>>[*:1]([*:2])[*:3]"
225,"Hemiaminal Formation, Reverse",[CX4!$(*(O)O)+0:1]([O+0H:2])-!@[N+0X3:3]>>[*:1]=[*:2].[*:3]
226,Hemiaminal Dehydration,[C+0:1]([O+0H:2])[N+0X3!H0:3]>>[*:1]=[*:3].[*:2]
227,"Hemiaminal Dehydration, Reverse",[C+0:1]=[N+0:3].[O+0H2:2]>>[*:1]([*:2])[*:3]
228,Reduction of Nitroso,"[C,c;+0:1][N+0:2]=[O+0:3].[H][H]>>[*:1][*:2].[*:3]"
229,Reduction of Nitro Compounds,"[C,c;+0:1][N+1](=[O+0:3])[O-1H0].[H][H]>>[*:1][N].[*:3]"
230,Henry Reaction,[C+0!H0:1][N+1:2](=[O+0:3])[OX1-1:4].[CX3!$(*([OH])[OH])+0:5]=[O+0:6]>>[*:6][*:5][*:1][*:2](=[*:3])[*:4]
231,"Henry Reaction, Intramolecular",([C+0!H0:1][N+1:2](=[O+0:3])[OX1-1:4].[CX3!$(*([OH])[OH])+0:5]=[O+0:6])>>[*:6][*:5][*:1][*:2](=[*:3])[*:4]
232,Benzene Nitration,[c+0H:1].[O+0H:2][N+1:3](=[O+0:4])[OX1-1:5]>>[*:1][*:3](=[*:4])[*:5].[*:2]
233,Oxidation of Nitroso,[*+0:1][N+0]=[O+0].[O+0]=[O+0]>>[*:1][N+1](=[O])[O-1]
234,"Esterification, Acid Anhydride Formation with Nitric Acid","[C,c;+0:1][O+0H:2].[O+0H:3][N+1:4](=[O+0:5])[OX1-1:6]>>[*:1][*:2][*:4](=[*:5])[*:6].[*:3]"
235,Nitrate Esters Hydrolysis,"[C,c;+0:1][O+0:2][N+1:4](=[O+0:5])[OX1-1:6].[O+0H2:3]>>[*:1][*:2].[*:3][*:4](=[*:5])[*:6]"
236,Imines from Aldehydes and Ketones,"[CX3!$(*[OH])+0:1]=[O+0:2].[N+0X3;H2,H3:3]>>[*:1]=[*:3].[*:2]"
237,"Imines from Aldehydes and Ketones, Intramolecular","([CX3!$(*[OH])+0:1]=[O+0:2].[N+0X3;H2,H3:3])>>[*:1]=[*:3].[*:2]"
238,Imines from Aldehydes and Ketones Reverse,[CX3!$(*[OH])+0:1]=!@[N+0:3].[O+0H2:2]>>[*:1]=[*:2].[*:3]
239,"Imines from Aldehydes and Ketones, Intramolecular Reverse",[CX3!$(*[OH])+0:1]=@[N+0:3].[O+0H2:2]>>([*:1]=[*:2].[*:3])
240,Treatment of Aldehydes and Ketones with a Secondary Amine,"[C,N;+0!H0:4][CX3!$(*[OH])+0:1]=[O+0:2].[N+0X3H:3]>>[*:4]=[*:1][*:3].[*:2]"
241,"Treatment of Aldehydes and Ketones with a Secondary Amine, Intramolecular","([C,N;+0!H0:4][CX3!$(*[OH])+0:1]=[O+0:2].[N+0X3H:3])>>[*:4]=[*:1][*:3].[*:2]"
242,Treatment of Aldehydes and Ketones with a Secondary Amine Reverse,"[C,N;+0:4]=[CX3!$(*[OH])+0:1]-!@[NX3+0:3].[O+0H2:2]>>[*:4][*:1]=[*:2].[*:3]"
243,"Treatment of Aldehydes and Ketones with a Secondary Amine, Intramolecular Reverse","[C,N;+0:4]=[CX3!$(*[OH])+0:1]-@[NX3+0:3].[O+0H2:2]>>([*:4][*:1]=[*:2].[*:3])"
244,Oxime-Nitroso Tautomerization,[C+0:1]=[N+0:2][O+0H:3]>>[*:1][*:2]=[*:3]
245,Keto-enol Tautomerization Reverse,[C+0!H0:1][N+0:2]=[O+0:3]>>[*:1]=[*:2][*:3]
246,Reduction of Imines,[C+0:1]=[N+0:2].[H][H]>>[*:1][*:2]
247,Beckmann Rearrangement with Ketoximes,"[C,c;+0:1][C+0:2](=[N+0:3][O+0H:4])[C,c;+0:5]>>[*:1][*:2](=[*:4])[*:3][*:5]"
248,Beckmann Rearrangement with Aldoximes,"[C,c;+0:1][C+0H:2](=[N+0:3][O+0H:4])>>[*:1][*:2]#[*:3].[*:4]"
249,Beckmann Rearrangement from Ketones,"[C,c;+0:1][C+0:2](=[O+0:3])[C,c;+0:4].[N+0H2:5][O+0H:6]>>[*:1][*:2](=[*:3])[*:5][*:4].[*:6]"
250,Beckmann Rearrangement from Aldehydes,"[C,c;+0:1][C+0H:2]=[O+0:3].[N+0H2:4][O+0H]>>[*:1][*:2]#[*:4].[*:3]"
251,Beckmann Fragmentation,"[C,c;+0:1][C+0:2](=[N+0:3][O+0H:4])-!@[C+0:5]([C+0:6])([C+0:7])[*+0!H0:8]>>[*:1][*:2]#[*:3].[*:5]([*:6])([*:7])=[*:8].[*:4]"
252,"Beckmann Fragmentation, Intramolecular","[C,c;+0:1][C+0:2](=[N+0:3][O+0H:4])-@[C+0:5]([C+0:6])([C+0:7])[*+0!H0:8]>>([*:1][*:2]#[*:3].[*:5]([*:6])([*:7])=[*:8]).[*:4]"
253,Semmler–Wolff Reaction,[C+0!H0:1]1[C+0!H0:2][C+0!H0:3][C+0:4]=[C+0:5][C+0:6]1=[N+0:7][O+0H:8]>>[*:1]1[*:2]=[*:3][*:4]=[*:5][*:6]=1[*:7].[*:8]
254,Transimination,"[C,c;+0:1]=!@[N!$(*[O,S])+0:2].[N!$(*[O,S]);H2,H3;+0:3]>>[*:1]=[*:3].[*:2]"
255,Imine Metathesis,"[C,c;+0:1]=!@[N!$(*[O,S])+0:2].[C,c;+0:3]=!@[N!$(*[O,S])+0:4]>>[*:1]=[*:4].[*:3]=[*:2]"
256,Wolff–Kishner Reduction,"[C,c;+0:1][C!$(*[O,S])+0:2](=[N+0:3][N+0H2:4])>>[*:1][*:2].[*:3]#[*:4]"
257,Cyanation (Kolbe Nitrile Synthesis),"[C,c+0:1][F,Cl,Br,I;+0:2].[C+0H:3]#[N+0:4]>>[*:1][*:3]#[*:4].[*:2]"
258,Cyanation of Ketones or Aldehydes (Cyanohydrin Reaction),"[CX3!$(*[O,S,N])+0:1]=[O+0:2].[C+0H:3]#[N+0:4]>>[*:1]([*:3]#[*:4])[*:2]"
259,Alkyl Cyanides from Haloalkanes,"[C+0:1][F,Cl,Br,I;+0:2].[C+0H:3]#[N+0:4]>>[*:1][*:3]#[*:4].[*:2]"
260,Nitrile Hydrogenation to Amines,[C+0:1]#[N+0:2].[H][H]>>[*:1][*:2]
261,Nitrile Hydrogenation to Aldehydes,[C+0:1]#[N+0:2].[O+0H2:3].[H][H]>>[*:1]=[*:3].[*:2]
262,Nitrile Hydrogenation to Imines,[C+0:1]#[N+0:2].[H][H]>>[*:1]=[*:2]
263,Nitrile Hydrogenation to Secondary Amines,[C+0:1]#[N+0:2].[C+0:3]#[N+0:4].[H][H]>>[*:1][*:2][*:3].[*:4]
264,"Nitrile Hydrogenation to Secondary Amines, Intramolecular",([C+0:1]#[N+0:2].[C+0:3]#[N+0:4]).[H][H]>>[*:1][*:2][*:3].[*:4]
265,Nitrile Hydrogenation to Tertiary Amines,[C+0:1]#[N+0:2].[C+0:3]#[N+0:4].[C+0:5]#[N+0].[H][H]>>[*:1][*:2]([*:3])[*:5].[*:4]
266,Hydrolysis of Nitriles,[C+0:1]#[N+0:2].[O+0H2:3]>>[*:1](=[O])[*:3].[*:2]
267,Nitriles to Ketones with Grignard Reagents,"[C+0:1]#[N+0:2].[c,C!$(*~O);!$(*#*);+0:3][F,Cl,Br,I;+0].[O+0H2:4]>>[*:1](=[*:4])[*:3].[*:2]"
268,Partial Hydrolysis of Nitriles,[C+0:1]#[N+0:2].[O+0H2:3]>>[*:1](=[*:3])[*:2]
269,Epoxides Ring Opening with Cyanides,[C+0:1]1[C+0:2][O+0:3]1.[C+0H:4]#[N+0:5]>>[*:5]#[*:4][*:1][*:2][*:3]
270,"Azide-Alkyne, Azide-Nitrile Cycloaddition","[N+0:1]=[N+1]=[N-1].[C,N;+0:4]#[C+0:5]>>[*:1]1[N]=[N][*:4]=[*:5]1"
271,Azide Salts as Nucleophiles,"[C+0:1][F,Cl,Br,I,OH;+0:2].[N+0H:3]=[N+1:4]=[N-1:5]>>[*:1][*:3]=[*:4]=[*:5].[*:2]"
272,Reduction of Azides,[N+0:1]=[N+1]=[N-1].[H][H]>>[*:1].[N]#[N]
273,Curtius Rearrangement,"[C,c;+0:1][C+0:2](=[O+0:3])[N+0:4]=[N+1]=[N-1]>>[*:1][*:4]=[*:2]=[*:3].[N]#[N]"
274,Esters from Diazoes and Carboxylic Acids,[CX3!$(*([OH])[OH])+0:1](=[O+0:2])[O+0H:3].[CX3+0:4]=[N+1]=[N-1]>>[*:1](=[*:2])[*:3][*:4].[N]#[N]
275,"Isocyanates, Isothiocyanate with Nucleophiles","[C,c;+0:1][N+0:2]=[C+0:3]=[O,S;+0:4].[NX3!H0,O!H0;+0:5]>>[*:1][*:2][*:3](=[*:4])[*:5]"
276,Isocyanates with Water,"[C,c;+0:1][N+0:2]=[C+0:3]=[O+0:4].[OH2+0:5]>>[*:1][*:2].[*:3](=[*:4])=[*:5]"
277,Isocyanates with Carboxylic Acid,"[C,c;+0:1][N+0:2]=[C+0:3]=[O+0:4].[O+0H:5][C+0:6](=[O+0:7])[C,c;+0:8]>>[*:1][*:2][*:3](=[*:4])[*:8].[*:5]=[*:6]=[*:7]"
278,"Synthesis of Isocyanates, Isothiocyanates","[C,c;+0:1][N+0H2:2].[Cl+0][C+0:4](=[O,SX1;+0:5])[Cl+0:6]>>[*:1][*:2]=[*:4]=[*:5].[*:6]"
279,Synthesis of Isothiocyanates,"[C,c;+0:1][N+0H2:2].[S+0:3]=[C+0:4]=[S+0:5]>>[*:1][*:2]=[*:4]=[*:5].[*:3]"
280,Hydrosulfide Anion Substitution with Alkyl Halides,"[C,c;+0:1][F,Cl,Br,I;+0:2].[S!H0X2+0:3]>>[*:1][*:3].[*:2]"
281,"Hydrosulfide Anion Substitution with Alkyl Halides, Intramolecular","([C,c;+0:1][F,Cl,Br,I;+0:2].[S!H0X2+0:3])>>[*:1][*:3].[*:2]"
282,Preparation of Sulfides,"[C,c;+0:1][F,Cl,Br,I;+0:2].[C,c;+0:3][F,Cl,Br,I;+0].[SH2X2+0:5]>>[*:1][*:5][*:3].[*:2]"
283,"Preparation of Sulfides, Intramolecular","([C,c;+0:1][F,Cl,Br,I;+0:2].[C,c;+0:3][F,Cl,Br,I;+0]).[SH2X2+0:5]>>[*:1][*:5][*:3].[*:2]"
284,Thiols from Thiourea,"[C,c;+0:1][F,Cl,Br,I;+0:2].[SX1+0:3]=[C+0:4]([N+0H2:5])[N+0H2:6].[O+0H2:7]>>[*:1][*:3].[*:7]=[*:4]([*:5])[*:6].[*:2]"
285,Thioacetals from Thiols and Aldehydes or Ketones,"[C,c;+0:1][SX2+0H:2].[C,c;+0:3][SX2+0H:4].[C!$(*O)X3+0:5]=[O+0:6]>>[*:1][*:2][*:5][*:4][*:3].[*:6]"
286,Cyclic Thioacetals from Dithiols,"([C,c;+0:1][SX2+0H:2].[C,c;+0:3][SX2+0H:4]).[C!$(*O)X3+0:5]=[O+0:6]>>[*:1][*:2][*:5][*:4][*:3].[*:6]"
287,Oxidation of Thiols,"[C,c;+0:1][SX2+0H:2].[C,c;+0:3][SX2+0H:4].[O+0:5]=[O+0]>>[*:1][*:2][*:4][*:3].[*:5]"
288,"Oxidation of Thiols, Intramolecular","([C,c;+0:1][SX2+0H:2].[C,c;+0:3][SX2+0H:4]).[O+0:5]=[O+0]>>[*:1][*:2][*:4][*:3].[*:5]"
289,Reduction of Disulfides,"[C,c;+0:1][SX2+0:2]-!@[SX2+0:4][C,c;+0:3].[H][H]>>[*:1][*:2].[*:3][*:4]"
290,"Reduction of Disulfides, Intramolecular","[C,c;+0:1][SX2+0:2]-@[SX2+0:4][C,c;+0:3].[H][H]>>([*:1][*:2].[*:3][*:4])"
291,Oxidation of Sulfides,[*+0:1][SX2!$(*[OH])+0:2][*+0:3].[O+0:4]=[O+0]>>[*:1][*:2](=[*:4])[*:3]
292,Oxidation of Sulfoxides,[*+0:1][SX3+0:2](=[O+0:4])[*+0:3].[O+0:5]=[O+0]>>[*:1][*:2](=[*:4])(=[*:5])[*:3]
293,Thione-Thiol Tautomerization,"[N,O;+0!H0:1][C+0:2]=[SX1+0:3]>>[*:1]=[*:2][*:3]"
294,Thione-Thiol Tautomerization Reverse,"[N,O;+0:1]=[C+0:2][SX2+0H:3]>>[*:1][*:2]=[*:3]"
295,Sulfenic Acid Tautomerization,"[C,c;+0:1][SX2+0:2][O+0H:3]>>[*:1][*:2]=[*:3]"
296,Sulfenic Acid Tautomerization Reverse,"[C,c;+0:1][SX3+0H:2]=[O+0:3]>>[*:1][*:2][*:3]"
297,Thiol Oxidation to Sulfenic Acid,"[C,c;+0:1][SX2+0H:2].[O+0:3]=[O+0]>>[*:1][*:2][*:3]"
298,Thiol Oxidation to Sulfinic Acid,"[C,c;!$(*=O)+0:1][SX2+0H:2].[O+0:3]=[O+0:4]>>[*:1][*:2](=[*:3])[*:4]"
299,Thiol Oxidation to Sulfonic Acid,"[C,c;!$(*=O)+0:1][SX2+0H:2].[O+0:3]=[O+0:4]>>[*:1][*:2](=[*:3])(=[O])[*:4]"
300,Sulfurous Acid Salts Addition to Oxiranes,[CX4+0:1]1[O+0:2][CX4+0:3]1.[O+0:4]=[SX3+0:5]([O+0H:6])[O+0H:7]>>[*:2][*:1][*:3][*:5](=[*:4])(=[*:6])[*:7]
301,"Esterification, Acid Anhydride Formation with Sulfuric Acid","[C,c;+0:1][O+0H:2].[O+0:3]=[SX4+0:4](=[O+0:5])([OX2+0:6])[O+0H:7]>>[*:1][*:2][*:4](=[*:3])(=[*:5])[*:6].[*:7]"
302,Organosulfates Hydrolysis,"[C,c;+0:1][O+0:2]-!@[SX4+0:4](=[O+0:3])(=[O+0:5])[OX2+0:6].[O+0H2:7]>>[*:1][*:2].[*:3]=[*:4](=[*:5])([*:6])[*:7]"
303,"Esterification, Acid Anhydride Formation with Sulfuric Acid, Intramolecular","([C,c;+0:1][O+0H:2].[O+0:3]=[SX4+0:4](=[O+0:5])([OX2+0:6])[O+0H:7])>>[*:1][*:2][*:4](=[*:3])(=[*:5])[*:6].[*:7]"
304,"Organosulfates Hydrolysis, Intramolecular","[C,c;+0:1][O+0:2]-@[SX4+0:4](=[O+0:3])(=[O+0:5])[OX2+0:6].[O+0H2:7]>>([*:1][*:2].[*:3]=[*:4](=[*:5])([*:6])[*:7])"
305,Organosulfates Reduction,[C!$(*=O)+0:1][O+0:2][SX4+0:3](=[O+0:4])(=[O+0:5])[O+0H:6].[H][H]>>[*:1][*:3](=[*:4])(=[*:5])[*:6].[*:2]
306,Alkenes Addition by Sulfuric Acid,[C+0:1]=[C+0:2].[O+0:3]=[SX4+0:4](=[O+0:5])([O+0H:6])[O+0H:7]>>[*:1][*:2][*:6][*:4](=[*:3])(=[*:5])[*:7]
307,Alkenes Addition by Sulfuric Acid Reverse,[C+0!H0:1][C+0:2][O+0:6][SX4+0:4](=[O+0:3])(=[O+0:5])[O+0H:7]>>[*:1]=[*:2].[*:3]=[*:4](=[*:5])([*:6])[*:7]
308,Alkenes Addition by Bisulfites,[C+0:1]=[C+0:2].[O+0:3]=[SX3+0:4]([O+0H:5])[O+0H:6]>>[*:1][*:2][*:4](=[*:3])(=[*:5])[*:6]
309,Esterification of Sulfonic Acids,"[C,c;+0:1][O+0H:2].[O+0:3]=[SX4+0:4](=[O+0:5])([C,c,N;+0:6])[OH,F,Cl,Br,I;+0:7]>>[*:1][*:2][*:4](=[*:3])(=[*:5])[*:6].[*:7]"
310,Sulfonic Acid Esters Hydrolysis,"[C,c;+0:1][O+0:2]-!@[SX4+0:4](=[O+0:3])(=[O+0:5])[C,c,N;+0:6].[O+0H2:7]>>[*:1][*:2].[*:3]=[*:4](=[*:5])([*:6])[*:7]"
311,"Esterification of Sulfonic Acids, Intramolecular","([C,c;+0:1][O+0H:2].[O+0:3]=[SX4+0:4](=[O+0:5])([C,c,N;+0:6])[OH,F,Cl,Br,I;+0:7])>>[*:1][*:2][*:4](=[*:3])(=[*:5])[*:6].[*:7]"
312,"Sulfonic Acid Esters Hydrolysis, Intramolecular","[C,c;+0:1][O+0:2]-@[SX4+0:4](=[O+0:3])(=[O+0:5])[C,c,N;+0:6].[O+0H2:7]>>([*:1][*:2].[*:3]=[*:4](=[*:5])([*:6])[*:7])"
313,Sulfonic Esters Nucleophilic Substitution,"[C,c;+0:1][O+0:2]-!@[SX4+0:4](=[O+0:3])(=[O+0:5])[C,c;+0:6].[F,Cl,Br,I;+0H:7]>>[*:1][*:7].[*:3]=[*:4](=[*:5])([*:6])[*:2]"
314,"Sulfonic Esters Nucleophilic Substitution, Intramolecular","[C,c;+0:1][O+0:2]-@[SX4+0:4](=[O+0:3])(=[O+0:5])[C,c;+0:6].[F,Cl,Br,I;+0H:7]>>([*:1][*:7].[*:3]=[*:4](=[*:5])([*:6])[*:2])"
315,Sulfonation of Benzene,[c+0H:1].[O+0:2]=[SX3+0:3](=[O+0:4])=[O+0:5]>>[*:1][*:3](=[*:4])(=[*:5])[*:2]
316,Disproportionation of Aromatic Sulfinic Acids,[c+0:1][SX3+0:2](=[O+0])[O+0H]>>[*:1][*:2](=[O])(=[O])[O].[*:1][*:2](=[O])(=[O])[*:2][*:1].[O]
317,Alkylation of Sulfinic Acids with Halides,"[C,c;+0:1][SX3+0:2](=[O+0:3])[O+0H:4].[C,c;+0:5][F,Cl,Br,I;+0:6]>>[*:1][*:2](=[*:3])(=[*:4])[*:5].[*:6]"
318,Reduction of Aromatic Sulfonyl Chlorides to Thiols,"[c+0:1][SX4+0:2](=[O+0:3])(=[O+0])[F,Cl,Br,I;+0:4].[H][H]>>[*:1][*:2].[*:4].[*:3]"
319,Reduction of Sulfonyl Chlorides to Sulfinic Acids,"[C,c;+0:1][SX4+0:2](=[O+0:3])(=[O+0:4])[F,Cl,Br,I;+0:5].[H][H]>>[*:1][*:2](=[*:3])[*:4].[*:5]"
